symbol,end_val,winner,trades,cagr,median,average,max_drawdown,running_max,version
AOS,"$564,361",Benchmark,133.5,15.49%,"$61,869","$157,788",-62.78%,"$866,831",V2
ABT,"$2,040,334",Benchmark,89.5,18.72%,"$396,909","$551,822",-45.26%,"$2,549,403",V2
ABBV,"$64,011",Benchmark,90.4,26.12%,"$22,839","$28,388",-34.06%,"$68,773",V2
ACN,"$74,504",Benchmark,98.2,13.37%,"$26,976","$38,963",-43.21%,"$120,467",V2
AMD,"$292,276",Strategy,177.0,11.5%,"$13,069","$43,329",-91.26%,"$690,235",V2
AES,"$54,367",Strategy,143.7,7.64%,"$41,464","$59,853",-90.65%,"$242,895",V2
AFL,"$1,115,228",Benchmark,94.4,16.42%,"$231,534","$268,200",-83.9%,"$1,138,710",V2
A,"$20,833",Benchmark,141.7,4.41%,"$7,193","$10,803",-79.9%,"$38,130",V2
ABNB,"$4,439",Benchmark,215.5,-33.37%,"$7,316","$7,425",-63.07%,"$12,021",V2
AKAM,"$48,675",Strategy,152.5,9.76%,"$55,429","$49,403",-92.76%,"$110,662",V2
ALB,"$28,955",Benchmark,140.6,5.19%,"$17,682","$27,558",-79.15%,"$130,151",V2
ARE,"$58,157",Benchmark,96.7,9.71%,"$29,413","$31,463",-59.11%,"$79,858",V2
ALGN,"$490,637",Strategy,149.1,27.55%,"$129,096","$330,515",-72.04%,"$1,585,630",V2
ALLE,"$17,302",Benchmark,109.7,8.15%,"$13,418","$13,930",-48.44%,"$21,098",V2
LNT,"$1,449,814",Strategy,109.4,14.83%,"$93,458","$279,404",-39.73%,"$1,476,418",V2
ALL,"$182,155",Benchmark,123.1,14.82%,"$59,524","$67,546",-69.63%,"$186,466",V2
GOOGL,"$113,417",Benchmark,92.4,18.94%,"$23,541","$38,205",-57.9%,"$153,664",V2
GOOG,"$108,570",Benchmark,92.8,18.57%,"$22,934","$36,884",-57.89%,"$147,564",V2
MO,"$71,798,947",Benchmark,100.3,22.94%,"$1,510,052","$13,568,085",-56.79%,"$83,223,536",V2
AMCR,"$15,815",Benchmark,150.0,5.9%,"$13,312","$13,940",-37.16%,"$20,286",V2
AEE,"$24,107",Benchmark,107.6,5.01%,"$13,461","$14,763",-60.5%,"$29,826",V2
AXP,"$884,892",Benchmark,123.8,13.26%,"$43,429","$125,879",-62.36%,"$1,137,160",V2
AIG,"$377,596",Strategy,127.4,10.61%,"$84,060","$114,977",-82.77%,"$384,254",V2
AWK,"$53,785",Benchmark,92.6,16.53%,"$44,037","$40,050",-43.8%,"$79,716",V2
AMP,"$57,262",Benchmark,107.3,14.37%,"$17,636","$21,667",-74.01%,"$71,980",V2
AME,"$487,813",Benchmark,99.0,14.89%,"$63,096","$120,891",-48.91%,"$594,274",V2
AMGN,"$6,169,084",Benchmark,124.9,25.79%,"$2,094,485","$2,201,493",-77.05%,"$6,825,443",V2
APH,"$949,542",Benchmark,84.5,21.89%,"$103,876","$205,649",-70.69%,"$1,246,069",V2
ADI,"$382,750",Benchmark,133.8,12.48%,"$113,067","$148,198",-80.65%,"$510,607",V2
ANSS,"$86,621",Benchmark,97.9,12.03%,"$29,494","$43,374",-67.84%,"$163,484",V2
AON,"$1,400,991",Benchmark,111.9,17.91%,"$149,521","$293,069",-42.18%,"$1,454,393",V2
APA,"$12,709",Benchmark,169.6,0.78%,"$8,526","$11,952",-93.52%,"$47,426",V2
APO,"$145,409",Benchmark,108.2,34.64%,"$41,163","$49,991",-42.23%,"$202,864",V2
AMAT,"$20,598,496",Strategy,147.0,27.91%,"$554,059","$2,385,898",-76.24%,"$35,037,037",V2
APTV,"$81,056",Strategy,134.0,26.18%,"$32,200","$50,012",-42.96%,"$117,697",V2
ACGL,"$607,258",Strategy,98.8,22.79%,"$69,120","$131,934",-43.99%,"$686,452",V2
ADM,"$39,603",Benchmark,146.3,4.54%,"$27,991","$30,104",-76.75%,"$84,008",V2
ANET,"$105,553",Benchmark,103.1,40.03%,"$34,748","$47,228",-45.74%,"$194,517",V2
AJG,"$1,678,430",Benchmark,91.5,20.08%,"$95,102","$201,839",-52.61%,"$1,682,524",V2
AIZ,"$64,377",Benchmark,100.1,14.23%,"$15,442","$19,799",-77.88%,"$71,834",V2
T,"$607,954",Benchmark,111.9,15.8%,"$189,622","$215,345",-65.58%,"$643,015",V2
ATO,"$184,356",Benchmark,104.5,10.97%,"$42,176","$53,117",-52.81%,"$184,356",V2
ADSK,"$99,829",Benchmark,120.1,8.9%,"$27,012","$37,663",-92.67%,"$124,708",V2
ADP,"$549,484",Benchmark,89.5,13.8%,"$160,633","$203,558",-69.61%,"$719,849",V2
AZO,"$242,730",Benchmark,98.3,14.87%,"$22,661","$48,742",-73.08%,"$242,854",V2
AVB,"$234,977",Benchmark,110.2,16.22%,"$100,069","$97,474",-70.27%,"$267,128",V2
AVY,"$99,835",Benchmark,128.5,6.6%,"$17,336","$25,739",-81.95%,"$110,762",V2
AXON,"$3,417,513",Benchmark,150.4,44.0%,"$204,700","$472,713",-86.9%,"$4,606,708",V2
BKR,"$17,639",Benchmark,153.0,2.21%,"$14,358","$14,405",-71.52%,"$25,587",V2
BALL,"$1,901,879",Benchmark,118.7,15.69%,"$210,006","$820,259",-56.34%,"$3,977,180",V2
BAX,"$156,560",Benchmark,129.7,9.95%,"$110,672","$124,168",-64.51%,"$356,946",V2
BDX,"$237,154",Benchmark,115.7,9.19%,"$56,219","$93,512",-71.92%,"$395,627",V2
BRK-B,"$152,430",Benchmark,96.6,15.42%,"$28,515","$43,294",-51.31%,"$154,601",V2
BBY,"$2,202,879",Benchmark,161.7,22.12%,"$498,244","$661,290",-77.39%,"$3,212,479",V2
TECH,"$1,180,575",Benchmark,132.4,21.99%,"$635,125","$831,931",-69.11%,"$3,821,318",V2
BIIB,"$41,173",Benchmark,159.3,6.35%,"$22,543","$26,676",-86.41%,"$86,851",V2
BLK,"$78,118",Benchmark,91.6,12.85%,"$36,762","$39,706",-73.09%,"$105,021",V2
BK,"$344,336",Benchmark,121.6,10.64%,"$86,180","$90,061",-70.92%,"$383,289",V2
BKNG,"$675,859",Strategy,129.8,28.13%,"$159,381","$205,301",-73.38%,"$811,531",V2
BSX,"$18,578",Benchmark,149.6,2.86%,"$8,723","$9,765",-92.55%,"$26,474",V2
BMY,"$1,058,153",Benchmark,118.9,13.82%,"$168,828","$289,720",-76.5%,"$1,154,964",V2
AVGO,"$856,700",Benchmark,72.0,56.06%,"$101,230","$221,129",-41.03%,"$1,378,729",V2
BR,"$91,542",Benchmark,81.2,20.26%,"$29,580","$33,892",-44.6%,"$93,958",V2
BRO,"$6,180,834",Benchmark,109.9,23.89%,"$383,549","$697,453",-60.92%,"$6,180,834",V2
BF-B,"$599,040",Benchmark,116.9,14.11%,"$110,910","$275,256",-58.88%,"$1,456,759",V2
BLDR,"$120,542",Strategy,166.5,21.11%,"$12,729","$31,440",-86.82%,"$209,263",V2
BG,"$60,937",Strategy,133.3,11.96%,"$34,001","$38,269",-49.73%,"$90,142",V2
BXP,"$40,311",Benchmark,121.1,7.61%,"$38,560","$34,229",-76.09%,"$67,201",V2
CHRW,"$90,015",Benchmark,131.2,12.98%,"$50,756","$48,079",-46.88%,"$108,437",V2
CDNS,"$846,443",Benchmark,110.6,18.61%,"$73,536","$157,463",-78.23%,"$1,238,839",V2
CZR,"$19,060",Benchmark,132.3,9.65%,"$30,256","$32,796",-78.38%,"$83,329",V2
CPT,"$226,323",Benchmark,103.1,16.01%,"$49,386","$69,349",-70.83%,"$256,668",V2
CPB,"$316,835",Benchmark,132.1,10.08%,"$118,534","$134,600",-73.29%,"$386,180",V2
COF,"$325,598",Strategy,138.2,19.02%,"$89,041","$112,714",-76.15%,"$459,252",V2
CAH,"$591,742",Benchmark,131.9,15.69%,"$141,432","$152,463",-68.93%,"$598,561",V2
KMX,"$122,508",Strategy,155.7,14.1%,"$112,174","$112,513",-70.14%,"$375,052",V2
CCL,"$247,542",Strategy,139.5,13.14%,"$85,632","$106,403",-73.15%,"$403,169",V2
CARR,"$16,721",Benchmark,83.3,18.69%,"$13,952","$14,206",-36.75%,"$22,699",V2
CBOE,"$82,098",Benchmark,86.7,23.43%,"$25,552","$30,624",-36.74%,"$82,276",V2
CBRE,"$76,095",Benchmark,114.9,15.6%,"$24,630","$30,384",-75.97%,"$86,458",V2
CDW,"$33,999",Benchmark,80.4,16.53%,"$31,694","$30,364",-49.85%,"$51,883",V2
COR,"$332,234",Benchmark,109.5,19.14%,"$41,944","$82,806",-72.55%,"$332,234",V2
CNC,"$43,277",Benchmark,128.5,9.59%,"$23,501","$27,159",-75.01%,"$67,406",V2
CNP,"$1,171,956",Benchmark,121.9,11.72%,"$81,251","$209,322",-61.08%,"$1,385,403",V2
CF,"$121,671",Benchmark,113.2,21.19%,"$53,653","$64,070",-68.88%,"$186,547",V2
CRL,"$36,959",Benchmark,114.2,7.99%,"$10,000","$15,972",-69.1%,"$61,965",V2
CHTR,"$83,324",Benchmark,97.5,23.62%,"$57,139","$57,081",-54.01%,"$134,768",V2
CMG,"$448,925",Strategy,98.8,34.0%,"$82,769","$144,844",-58.83%,"$613,500",V2
CB,"$801,091",Strategy,106.5,22.05%,"$145,959","$230,930",-55.42%,"$810,259",V2
CHD,"$2,399,952",Benchmark,97.2,19.34%,"$173,388","$581,976",-60.3%,"$2,452,822",V2
CI,"$917,984",Benchmark,122.2,16.86%,"$65,500","$232,055",-47.65%,"$1,196,926",V2
CINF,"$1,796,494",Benchmark,115.6,18.23%,"$215,322","$381,918",-52.01%,"$1,965,356",V2
CTAS,"$3,818,509",Benchmark,86.7,23.65%,"$170,703","$440,490",-74.42%,"$4,337,520",V2
CSCO,"$263,432",Benchmark,119.0,14.6%,"$247,929","$274,485",-90.53%,"$1,507,088",V2
C,"$146,424",Strategy,135.0,8.47%,"$54,429","$63,782",-83.73%,"$196,459",V2
CFG,"$6,890",Benchmark,146.6,-5.18%,"$8,611","$8,231",-58.75%,"$11,326",V2
CLX,"$607,977",Benchmark,113.0,12.09%,"$149,061","$203,194",-65.96%,"$927,921",V2
CME,"$266,584",Benchmark,88.6,24.47%,"$49,763","$73,661",-80.22%,"$266,584",V2
CMS,"$44,205",Benchmark,130.5,4.21%,"$12,936","$19,260",-80.35%,"$75,247",V2
CTSH,"$858,436",Benchmark,136.1,28.06%,"$640,171","$570,891",-61.9%,"$1,252,248",V2
CL,"$976,291",Benchmark,111.1,13.98%,"$340,584","$389,168",-58.57%,"$1,188,290",V2
CMCSA,"$263,306",Benchmark,127.1,11.13%,"$88,742","$118,484",-67.71%,"$403,651",V2
CAG,"$176,502",Benchmark,113.3,9.7%,"$70,774","$89,435",-55.37%,"$247,085",V2
ED,"$4,109,538",Benchmark,103.9,15.02%,"$387,917","$1,057,837",-36.56%,"$4,952,744",V2
STZ,"$271,589",Benchmark,119.9,16.19%,"$65,237","$140,615",-66.13%,"$432,504",V2
CEG,"$15,243",Benchmark,48.0,23.47%,"$12,130","$14,355",-44.65%,"$27,540",V2
COO,"$11,206",Benchmark,140.1,0.39%,"$7,109","$7,565",-99.17%,"$22,370",V2
CPRT,"$1,917,835",Benchmark,100.8,28.44%,"$100,857","$342,036",-56.03%,"$2,160,273",V2
GLW,"$88,034",Benchmark,138.7,7.79%,"$55,551","$63,665",-96.23%,"$401,654",V2
CPAY,"$114,405",Benchmark,122.7,31.1%,"$60,149","$59,740",-49.71%,"$140,286",V2
CTVA,"$14,993",Benchmark,96.2,10.66%,"$12,720","$12,117",-33.8%,"$16,133",V2
CSGP,"$76,168",Benchmark,130.6,11.94%,"$15,824","$40,530",-65.49%,"$161,656",V2
CTRA,"$34,693",Benchmark,149.0,5.32%,"$22,331","$26,417",-81.85%,"$102,973",V2
CRWD,"$45,711",Benchmark,123.2,46.22%,"$26,776","$29,697",-61.38%,"$59,815",V2
CSX,"$479,833",Benchmark,116.2,13.77%,"$30,082","$129,761",-58.67%,"$717,367",V2
CMI,"$246,390",Benchmark,148.6,9.31%,"$35,328","$84,158",-77.4%,"$320,527",V2
CVS,"$466,130",Benchmark,134.2,11.26%,"$124,811","$172,088",-72.8%,"$535,170",V2
DHR,"$554,612",Benchmark,94.2,13.83%,"$34,830","$101,700",-83.93%,"$689,523",V2
DRI,"$544,466",Strategy,108.5,22.12%,"$85,148","$135,696",-43.55%,"$568,585",V2
DVA,"$34,755",Benchmark,125.7,6.43%,"$16,864","$17,559",-90.45%,"$37,090",V2
DAY,"$14,142",Strategy,152.2,9.05%,"$18,174","$17,736",-53.42%,"$26,730",V2
DECK,"$225,354",Benchmark,132.3,15.99%,"$10,662","$35,534",-97.73%,"$382,912",V2
DELL,"$58,536",Strategy,134.8,42.39%,"$19,367","$26,898",-44.95%,"$98,662",V2
DAL,"$9,823",Benchmark,140.5,-0.15%,"$14,800","$14,971",-73.6%,"$31,928",V2
DVN,"$749,797",Strategy,157.2,17.34%,"$145,429","$200,362",-73.45%,"$1,066,111",V2
DXCM,"$238,025",Strategy,146.9,27.61%,"$67,436","$148,481",-69.86%,"$776,525",V2
FANG,"$61,002",Strategy,133.8,25.36%,"$15,506","$30,871",-71.31%,"$97,065",V2
DLR,"$40,338",Benchmark,103.6,10.48%,"$26,900","$30,108",-59.0%,"$57,757",V2
DFS,"$102,284",Benchmark,120.8,21.38%,"$40,503","$43,424",-48.93%,"$124,872",V2
DG,"$21,056",Benchmark,105.2,7.73%,"$21,784","$26,026",-63.57%,"$53,560",V2
DLTR,"$48,513",Benchmark,139.1,8.22%,"$39,363","$39,904",-82.5%,"$92,455",V2
D,"$370,149",Benchmark,79.5,12.36%,"$179,401","$245,319",-65.95%,"$826,566",V2
DPZ,"$273,522",Benchmark,101.9,26.66%,"$96,908","$116,515",-64.13%,"$315,261",V2
DASH,"$6,460",Benchmark,159.0,-19.62%,"$4,392","$4,757",-80.62%,"$11,400",V2
DOV,"$198,978",Benchmark,108.4,10.13%,"$36,968","$49,322",-65.71%,"$251,719",V2
DOW,"$4,616",Benchmark,147.0,-17.57%,"$7,507","$7,606",-54.76%,"$10,204",V2
DHI,"$281,126",Benchmark,135.7,16.37%,"$63,017","$82,066",-84.47%,"$425,681",V2
DTE,"$2,939,622",Benchmark,113.9,14.13%,"$246,823","$421,609",-50.12%,"$2,939,623",V2
DD,"$521,423",Benchmark,134.1,11.61%,"$148,017","$186,009",-72.2%,"$632,646",V2
EMN,"$95,871",Strategy,136.6,11.36%,"$15,236","$34,854",-63.41%,"$141,552",V2
ETN,"$459,320",Benchmark,115.3,11.22%,"$44,402","$87,679",-56.54%,"$643,339",V2
EBAY,"$44,095",Benchmark,132.6,8.59%,"$13,749","$15,739",-78.13%,"$46,918",V2
ECL,"$332,874",Benchmark,110.0,10.23%,"$39,858","$76,527",-60.77%,"$357,990",V2
EIX,"$134,624",Benchmark,93.5,7.71%,"$105,730","$107,189",-91.11%,"$316,272",V2
EW,"$246,273",Benchmark,112.4,20.74%,"$59,373","$146,327",-56.66%,"$541,410",V2
EA,"$20,590",Benchmark,135.7,3.06%,"$20,089","$20,659",-96.48%,"$76,650",V2
ELV,"$79,263",Benchmark,115.5,13.81%,"$32,858","$40,756",-50.7%,"$98,568",V2
EMR,"$424,098",Benchmark,111.5,10.97%,"$118,817","$147,347",-65.86%,"$556,758",V2
ENPH,"$125,439",Benchmark,187.2,37.18%,"$12,767","$64,898",-88.2%,"$259,081",V2
ETR,"$2,610,363",Benchmark,107.9,16.72%,"$224,871","$432,576",-61.2%,"$2,697,211",V2
EPAM,"$131,733",Strategy,104.0,33.17%,"$46,320","$109,454",-68.24%,"$414,756",V2
EQT,"$125,989",Benchmark,125.6,8.52%,"$77,313","$114,651",-92.27%,"$435,138",V2
EFX,"$1,247,140",Benchmark,105.3,16.85%,"$200,322","$341,322",-67.0%,"$1,676,775",V2
EQR,"$31,258",Benchmark,118.0,5.58%,"$26,517","$27,770",-85.12%,"$55,341",V2
ERIE,"$111,232",Benchmark,125.1,12.8%,"$21,865","$30,250",-58.7%,"$144,120",V2
ESS,"$89,805",Benchmark,88.0,11.02%,"$74,573","$73,747",-79.72%,"$158,951",V2
EL,"$21,593",Benchmark,129.9,3.92%,"$16,207","$25,740",-84.56%,"$123,216",V2
EG,"$70,483",Benchmark,113.7,10.26%,"$26,826","$33,903",-51.11%,"$78,983",V2
EVRG,"$873,400",Strategy,126.5,13.22%,"$42,264","$137,366",-51.34%,"$876,177",V2
ES,"$80,215",Benchmark,132.1,5.95%,"$28,921","$44,748",-60.55%,"$183,759",V2
EXE,"$15,854",Benchmark,145.5,25.91%,"$13,593","$13,243",-30.8%,"$16,329",V2
EXPE,"$38,719",Benchmark,144.5,10.98%,"$19,105","$21,348",-69.27%,"$53,619",V2
EXPD,"$798,311",Benchmark,96.0,17.61%,"$299,772","$339,419",-51.71%,"$1,105,900",V2
EXR,"$236,181",Strategy,85.2,25.34%,"$73,232","$84,276",-59.4%,"$289,018",V2
FFIV,"$168,693",Strategy,158.9,18.08%,"$42,220","$50,245",-78.93%,"$208,758",V2
FDS,"$237,877",Benchmark,112.4,18.15%,"$56,605","$93,037",-63.83%,"$321,089",V2
FICO,"$1,243,514",Benchmark,106.9,20.38%,"$44,591","$144,902",-84.16%,"$1,732,551",V2
FAST,"$552,510",Benchmark,107.2,17.41%,"$193,387","$203,989",-67.67%,"$593,984",V2
FRT,"$588,987",Benchmark,108.1,12.35%,"$104,636","$231,935",-80.54%,"$775,016",V2
FDX,"$386,840",Benchmark,140.0,12.1%,"$161,677","$190,524",-66.54%,"$556,420",V2
FIS,"$27,261",Benchmark,115.8,6.47%,"$15,790","$19,715",-66.45%,"$53,230",V2
FITB,"$2,441,673",Strategy,110.3,19.4%,"$628,212","$1,037,329",-78.15%,"$3,914,419",V2
FSLR,"$35,236",Strategy,171.9,11.07%,"$13,075","$15,486",-87.0%,"$53,024",V2
FE,"$36,734",Benchmark,128.7,7.5%,"$16,257","$19,396",-52.82%,"$44,446",V2
FI,"$1,256,620",Benchmark,92.1,20.43%,"$91,087","$239,699",-50.86%,"$1,377,636",V2
F,"$368,306",Benchmark,164.6,10.54%,"$237,063","$259,434",-87.02%,"$1,031,090",V2
FTNT,"$171,406",Benchmark,108.8,32.86%,"$36,006","$75,212",-49.89%,"$253,153",V2
FTV,"$10,520",Benchmark,100.8,0.85%,"$12,283","$12,283",-43.07%,"$15,142",V2
FOXA,"$9,098",Benchmark,137.8,-2.33%,"$6,159","$6,758",-51.07%,"$10,594",V2
FOX,"$15,022",Strategy,140.2,10.71%,"$9,827","$10,683",-42.28%,"$16,917",V2
BEN,"$56,718",Benchmark,131.0,6.39%,"$57,613","$55,602",-93.16%,"$113,833",V2
GRMN,"$1,688,653",Strategy,119.2,37.79%,"$147,704","$332,774",-64.09%,"$2,196,349",V2
IT,"$54,285",Benchmark,112.0,8.39%,"$16,302","$20,176",-96.88%,"$69,572",V2
GE,"$586,373",Benchmark,121.4,9.93%,"$64,724","$135,418",-78.86%,"$662,936",V2
GEHC,"$9,941",Benchmark,83.6,-0.37%,"$11,714","$11,793",-29.62%,"$14,126",V2
GEV,"$6,245",Benchmark,28.7,-49.16%,"$7,486","$7,830",-44.83%,"$11,168",V2
GEN,"$122,217",Benchmark,139.6,10.67%,"$48,371","$50,982",-89.89%,"$148,343",V2
GNRC,"$196,605",Strategy,103.3,33.02%,"$46,526","$107,443",-68.8%,"$468,735",V2
GD,"$16,027,372",Benchmark,122.4,18.43%,"$356,071","$2,441,413",-69.1%,"$20,194,306",V2
GIS,"$983,647",Benchmark,89.5,15.89%,"$243,079","$370,439",-41.07%,"$1,362,174",V2
GM,"$13,787",Benchmark,157.9,3.3%,"$14,115","$14,504",-56.24%,"$22,794",V2
GPC,"$288,328",Benchmark,106.4,11.41%,"$62,395","$114,182",-52.34%,"$567,381",V2
GILD,"$612,919",Benchmark,133.2,19.68%,"$124,875","$192,467",-67.18%,"$635,831",V2
GPN,"$171,494",Strategy,123.4,18.57%,"$36,001","$77,437",-50.55%,"$253,369",V2
GL,"$182,172",Benchmark,118.4,9.9%,"$31,686","$68,685",-71.43%,"$273,461",V2
GDDY,"$35,877",Benchmark,104.2,20.34%,"$19,164","$19,677",-46.8%,"$43,099",V2
HAL,"$505,074",Strategy,153.9,11.34%,"$70,920","$126,468",-83.37%,"$634,046",V2
HIG,"$294,653",Strategy,113.7,18.23%,"$36,404","$60,576",-73.89%,"$298,044",V2
HAS,"$2,747,485",Benchmark,126.6,19.78%,"$507,337","$926,447",-69.81%,"$3,799,136",V2
HCA,"$195,585",Benchmark,90.9,35.89%,"$53,809","$82,693",-33.23%,"$226,977",V2
DOC,"$321,398",Benchmark,106.6,13.44%,"$131,836","$162,468",-61.48%,"$549,683",V2
HSIC,"$48,211",Benchmark,111.9,8.07%,"$29,560","$35,952",-67.9%,"$80,228",V2
HSY,"$1,002,679",Benchmark,102.9,15.96%,"$156,960","$277,220",-48.88%,"$1,386,985",V2
HES,"$49,542",Benchmark,144.0,5.28%,"$6,584","$11,204",-77.32%,"$53,841",V2
HPE,"$11,133",Benchmark,111.1,1.66%,"$11,720","$11,798",-50.2%,"$15,364",V2
HLT,"$33,194",Benchmark,83.3,16.65%,"$18,511","$19,538",-37.56%,"$42,484",V2
HOLX,"$214,437",Benchmark,151.1,13.49%,"$115,082","$117,947",-88.67%,"$360,428",V2
HON,"$1,133,806",Benchmark,123.0,11.46%,"$92,342","$263,591",-83.35%,"$1,287,735",V2
HRL,"$558,150",Benchmark,113.4,13.8%,"$123,105","$230,692",-46.22%,"$851,520",V2
HST,"$245,858",Benchmark,126.4,10.84%,"$153,940","$171,306",-73.94%,"$552,348",V2
HWM,"$33,036",Benchmark,106.0,22.88%,"$8,862","$11,026",-61.06%,"$36,836",V2
HPQ,"$4,443,124",Benchmark,140.0,15.0%,"$184,786","$1,152,625",-63.58%,"$7,078,631",V2
HUBB,"$26,078,022",Strategy,67.3,24.3%,"$1,029,748","$3,174,092",-50.94%,"$33,005,528",V2
HUM,"$1,380,218",Strategy,132.6,17.93%,"$33,265","$327,484",-72.1%,"$2,121,550",V2
HBAN,"$37,890",Benchmark,120.9,4.37%,"$36,942","$60,753",-94.2%,"$198,625",V2
HII,"$55,171",Benchmark,97.3,19.31%,"$55,398","$50,149",-54.04%,"$91,630",V2
IBM,"$908,280",Benchmark,131.0,10.89%,"$74,801","$157,964",-63.44%,"$987,543",V2
IEX,"$47,520",Benchmark,105.1,6.5%,"$26,320","$30,368",-69.28%,"$75,305",V2
IDXX,"$271,780",Benchmark,104.2,15.22%,"$46,165","$84,336",-83.82%,"$363,276",V2
ITW,"$866,109",Benchmark,115.6,13.21%,"$122,457","$213,451",-64.19%,"$1,063,496",V2
INCY,"$33,543",Benchmark,169.3,5.75%,"$45,339","$52,350",-97.93%,"$195,143",V2
IR,"$21,608",Benchmark,98.2,15.22%,"$12,503","$13,889",-37.9%,"$28,043",V2
PODD,"$99,838",Benchmark,114.4,20.51%,"$33,270","$53,877",-67.82%,"$162,453",V2
INTC,"$32,633",Benchmark,151.5,3.87%,"$68,284","$70,717",-89.76%,"$312,357",V2
ICE,"$81,328",Benchmark,68.5,16.99%,"$19,176","$28,067",-78.45%,"$85,597",V2
IFF,"$65,540",Benchmark,137.5,5.56%,"$47,010","$47,305",-61.07%,"$129,408",V2
IP,"$208,869",Benchmark,141.9,7.22%,"$53,535","$68,194",-80.52%,"$253,078",V2
IPG,"$133,136",Benchmark,121.6,8.68%,"$70,209","$87,058",-95.37%,"$352,493",V2
INTU,"$149,720",Benchmark,110.0,13.02%,"$29,014","$52,425",-87.61%,"$250,595",V2
ISRG,"$1,824,030",Benchmark,110.8,35.62%,"$298,872","$460,907",-61.94%,"$2,208,033",V2
IVZ,"$23,021",Benchmark,147.3,4.17%,"$30,788","$31,439",-81.03%,"$71,621",V2
INVH,"$12,295",Benchmark,116.5,3.74%,"$12,477","$12,106",-45.91%,"$16,319",V2
IQV,"$22,291",Benchmark,93.0,10.26%,"$26,200","$25,898",-59.74%,"$54,382",V2
IRM,"$60,819",Benchmark,116.2,9.39%,"$14,698","$19,256",-50.37%,"$95,030",V2
JBHT,"$149,135",Benchmark,126.0,9.93%,"$52,816","$77,672",-62.19%,"$242,178",V2
JBL,"$559,784",Benchmark,157.2,20.06%,"$106,233","$155,610",-96.13%,"$819,317",V2
JKHY,"$408,600",Benchmark,114.8,14.63%,"$63,150","$117,891",-86.49%,"$467,807",V2
J,"$72,182",Benchmark,138.9,6.56%,"$20,178","$25,809",-84.16%,"$94,617",V2
JCI,"$64,925",Benchmark,120.5,7.49%,"$28,267","$31,953",-91.37%,"$107,301",V2
JNPR,"$19,371",Strategy,164.3,3.79%,"$14,134","$13,748",-88.07%,"$27,260",V2
K,"$187,227",Benchmark,126.4,8.48%,"$114,922","$98,392",-64.38%,"$242,676",V2
KVUE,"$14,490",Strategy,104.0,32.51%,"$12,898","$12,388",-18.37%,"$14,737",V2
KDP,"$89,949",Benchmark,78.4,20.74%,"$49,495","$58,015",-30.87%,"$121,797",V2
KEY,"$73,332",Benchmark,120.8,8.02%,"$60,603","$60,320",-77.04%,"$136,166",V2
KEYS,"$33,149",Benchmark,98.3,18.1%,"$21,760","$23,702",-38.89%,"$48,747",V2
KMB,"$597,180",Benchmark,101.8,14.05%,"$148,419","$208,344",-48.05%,"$605,316",V2
KIM,"$380,181",Strategy,88.2,17.13%,"$180,430","$188,939",-51.31%,"$609,685",V2
KMI,"$23,520",Strategy,123.9,9.17%,"$13,364","$13,758",-51.72%,"$26,058",V2
KKR,"$82,186",Benchmark,91.4,23.07%,"$18,574","$31,495",-45.21%,"$141,043",V2
KLAC,"$588,297",Benchmark,139.5,14.18%,"$45,063","$94,596",-92.37%,"$903,175",V2
KHC,"$7,234",Strategy,165.8,-4.7%,"$8,481","$8,746",-64.59%,"$12,502",V2
KR,"$3,770,192",Benchmark,123.0,14.57%,"$305,829","$661,188",-59.22%,"$3,770,193",V2
LHX,"$164,800",Benchmark,125.9,9.83%,"$28,744","$45,524",-67.2%,"$185,581",V2
LH,"$421,752",Strategy,132.6,16.75%,"$107,721","$127,464",-78.05%,"$474,243",V2
LRCX,"$283,927",Benchmark,133.3,12.58%,"$20,076","$66,616",-83.74%,"$650,050",V2
LW,"$12,853",Benchmark,139.9,4.44%,"$17,688","$18,541",-57.12%,"$28,753",V2
LVS,"$74,479",Strategy,144.3,15.43%,"$54,010","$53,868",-83.03%,"$125,256",V2
LDOS,"$40,521",Benchmark,140.8,11.62%,"$10,228","$16,163",-51.33%,"$62,128",V2
LEN,"$599,239",Benchmark,139.8,14.06%,"$73,746","$134,767",-78.36%,"$924,046",V2
LII,"$310,095",Benchmark,92.3,21.41%,"$24,080","$66,420",-56.44%,"$382,167",V2
LYV,"$23,674",Benchmark,121.8,6.7%,"$11,676","$13,426",-80.04%,"$35,585",V2
LKQ,"$31,173",Benchmark,118.4,7.97%,"$38,627","$38,707",-71.75%,"$77,669",V2
L,"$374,376",Benchmark,125.6,12.35%,"$171,713","$201,194",-72.07%,"$506,834",V2
LOW,"$1,203,401",Benchmark,125.2,16.65%,"$194,950","$276,988",-58.91%,"$1,555,103",V2
LULU,"$102,004",Benchmark,121.5,20.98%,"$53,297","$90,531",-68.24%,"$310,764",V2
LYB,"$38,842",Benchmark,125.9,14.09%,"$28,795","$28,462",-54.51%,"$49,685",V2
MTB,"$2,030,002",Benchmark,99.3,18.62%,"$796,740","$1,003,035",-65.51%,"$3,703,303",V2
MPC,"$108,595",Strategy,100.9,28.56%,"$29,309","$42,612",-50.45%,"$144,437",V2
MKTX,"$63,380",Benchmark,121.7,14.03%,"$16,793","$35,780",-84.56%,"$129,233",V2
MAR,"$315,751",Strategy,113.4,20.35%,"$36,762","$84,689",-59.95%,"$415,578",V2
MMC,"$459,876",Benchmark,108.5,11.22%,"$47,130","$75,968",-73.82%,"$459,877",V2
MLM,"$62,158",Benchmark,135.9,8.89%,"$20,369","$25,536",-72.88%,"$87,877",V2
MAS,"$105,976",Benchmark,128.3,7.88%,"$33,044","$43,010",-74.71%,"$141,958",V2
MA,"$432,664",Benchmark,65.3,33.62%,"$107,214","$158,778",-46.26%,"$469,959",V2
MTCH,"$77,538",Benchmark,147.5,9.66%,"$13,892","$43,329",-75.59%,"$214,154",V2
MKC,"$204,479",Benchmark,119.0,8.74%,"$31,344","$58,046",-58.64%,"$246,960",V2
MCK,"$197,937",Benchmark,118.9,15.31%,"$31,661","$48,166",-76.83%,"$198,601",V2
MDT,"$4,119,068",Benchmark,116.8,18.28%,"$1,462,309","$1,594,341",-66.95%,"$6,292,546",V2
META,"$76,571",Benchmark,66.7,25.79%,"$35,160","$37,894",-68.76%,"$106,005",V2
MET,"$16,631",Benchmark,107.0,3.0%,"$8,839","$9,898",-69.65%,"$19,211",V2
MTD,"$172,385",Benchmark,103.1,16.28%,"$42,736","$85,977",-60.05%,"$354,890",V2
MGM,"$374,738",Strategy,154.0,15.28%,"$67,799","$186,251",-68.36%,"$797,825",V2
MCHP,"$67,702",Benchmark,122.0,9.04%,"$15,180","$23,829",-87.57%,"$94,249",V2
MU,"$635,173",Strategy,169.5,15.86%,"$53,094","$140,772",-96.65%,"$1,135,058",V2
MAA,"$199,239",Benchmark,103.3,14.93%,"$52,691","$71,018",-51.32%,"$213,639",V2
MHK,"$1,847,302",Strategy,146.2,25.76%,"$79,201","$318,199",-51.18%,"$2,854,267",V2
MOH,"$19,921",Benchmark,131.7,4.7%,"$9,786","$11,241",-82.46%,"$30,507",V2
TAP,"$14,447",Benchmark,167.3,1.08%,"$6,323","$7,436",-87.25%,"$18,118",V2
MDLZ,"$19,384",Benchmark,110.5,4.12%,"$16,427","$15,156",-39.15%,"$26,264",V2
MPWR,"$110,383",Benchmark,100.0,18.65%,"$27,735","$53,263",-76.16%,"$242,276",V2
MNST,"$17,457",Benchmark,146.3,2.07%,"$4,617","$6,355",-99.93%,"$23,277",V2
MCO,"$83,622",Benchmark,95.7,10.65%,"$17,912","$28,766",-92.41%,"$98,071",V2
MOS,"$30,120",Strategy,185.6,4.39%,"$14,075","$15,690",-85.31%,"$78,727",V2
MSI,"$1,104,160",Benchmark,132.3,11.39%,"$127,289","$180,262",-93.89%,"$1,312,149",V2
MSCI,"$111,819",Benchmark,81.0,22.33%,"$35,161","$65,751",-51.29%,"$222,362",V2
NDAQ,"$597,401",Strategy,113.9,29.77%,"$102,269","$198,094",-53.2%,"$703,154",V2
NTAP,"$1,789,235",Strategy,149.9,29.2%,"$873,976","$827,851",-83.32%,"$2,641,706",V2
NFLX,"$8,018,413",Benchmark,106.9,52.83%,"$1,225,523","$2,395,451",-82.14%,"$9,559,542",V2
NWSA,"$14,346",Benchmark,149.7,4.54%,"$9,695","$10,266",-47.36%,"$16,715",V2
NWS,"$13,131",Benchmark,154.4,3.41%,"$8,594","$9,025",-49.13%,"$15,565",V2
NI,"$295,678",Benchmark,129.5,9.86%,"$50,422","$78,622",-72.92%,"$306,687",V2
NDSN,"$137,334",Benchmark,129.6,8.79%,"$63,331","$83,663",-76.18%,"$249,669",V2
NSC,"$287,717",Benchmark,111.9,12.03%,"$70,093","$111,224",-63.09%,"$499,544",V2
NTRS,"$828,978",Benchmark,107.8,15.26%,"$402,255","$383,956",-74.61%,"$1,033,428",V2
NOC,"$468,728",Benchmark,105.8,13.75%,"$75,936","$171,276",-63.53%,"$735,949",V2
NCLH,"$11,770",Strategy,157.6,1.96%,"$15,629","$15,533",-50.61%,"$21,370",V2
NRG,"$112,535",Strategy,128.0,17.89%,"$31,298","$36,238",-65.82%,"$130,268",V2
NUE,"$177,257",Benchmark,134.0,9.68%,"$61,407","$70,583",-79.78%,"$272,897",V2
NVR,$9,Benchmark,307.2,-22.3%,$10,$722,-99.95%,"$14,141",V2
NXPI,"$39,208",Benchmark,99.8,14.48%,"$18,625","$21,859",-57.34%,"$61,107",V2
ORLY,"$2,455,638",Benchmark,81.5,28.37%,"$83,993","$352,369",-52.28%,"$2,455,639",V2
OXY,"$153,260",Benchmark,131.6,9.57%,"$50,466","$70,260",-77.25%,"$241,747",V2
ODFL,"$18,453",Benchmark,114.8,2.69%,"$2,869","$5,638",-98.47%,"$27,143",V2
OMC,"$143,537",Benchmark,111.7,8.94%,"$109,241","$94,479",-62.29%,"$216,127",V2
ON,"$128,559",Strategy,156.7,16.03%,"$44,526","$61,385",-80.4%,"$252,297",V2
OKE,"$2,943,280",Strategy,111.2,20.32%,"$57,672","$406,135",-59.68%,"$3,752,950",V2
ORCL,"$2,112,031",Benchmark,107.9,21.96%,"$513,346","$619,986",-83.37%,"$3,190,427",V2
OTIS,"$15,766",Benchmark,84.9,14.0%,"$12,827","$12,947",-26.5%,"$16,260",V2
PCAR,"$825,598",Benchmark,122.2,15.24%,"$65,841","$216,140",-59.11%,"$1,326,374",V2
PKG,"$74,179",Benchmark,95.4,12.24%,"$19,831","$29,712",-74.85%,"$97,163",V2
PLTR,"$73,057",Strategy,122.7,89.77%,"$11,894","$19,105",-57.01%,"$101,816",V2
PANW,"$67,830",Benchmark,105.2,24.45%,"$20,007","$29,269",-56.1%,"$87,641",V2
PARA,"$15,038",Strategy,174.4,3.11%,"$26,807","$26,049",-84.67%,"$94,327",V2
PH,"$225,005",Benchmark,115.1,10.53%,"$29,541","$45,682",-62.49%,"$285,517",V2
PAYX,"$510,430",Benchmark,104.1,14.67%,"$157,106","$176,716",-73.73%,"$515,117",V2
PAYC,"$69,989",Benchmark,109.9,29.35%,"$68,774","$75,893",-70.33%,"$194,824",V2
PYPL,"$16,678",Strategy,105.9,7.91%,"$19,602","$21,976",-75.89%,"$51,024",V2
PNR,"$353,478",Benchmark,135.0,10.45%,"$84,321","$106,631",-68.53%,"$472,293",V2
PCG,"$625,996",Strategy,108.1,12.0%,"$200,000","$295,170",-67.51%,"$1,032,735",V2
PM,"$38,306",Benchmark,110.3,12.1%,"$23,202","$22,234",-51.04%,"$38,307",V2
PNW,"$111,527",Benchmark,128.6,6.93%,"$39,219","$42,505",-62.88%,"$142,605",V2
PNC,"$526,308",Benchmark,119.3,12.32%,"$209,793","$230,645",-59.57%,"$798,110",V2
POOL,"$466,869",Benchmark,85.9,20.82%,"$89,776","$206,745",-62.28%,"$969,463",V2
PPG,"$94,845",Benchmark,118.4,7.5%,"$63,250","$66,997",-75.59%,"$144,127",V2
PPL,"$227,960",Benchmark,103.2,10.57%,"$114,749","$107,721",-63.83%,"$323,382",V2
PFG,"$120,329",Strategy,99.8,16.64%,"$36,533","$49,558",-64.84%,"$151,929",V2
PGR,"$14,039,302",Benchmark,93.2,26.23%,"$823,455","$1,638,589",-65.24%,"$14,240,667",V2
PRU,"$73,610",Strategy,119.4,13.23%,"$32,045","$33,446",-58.7%,"$81,893",V2
PEG,"$305,576",Benchmark,92.6,11.56%,"$115,149","$113,222",-59.78%,"$348,919",V2
PTC,"$694,477",Strategy,132.8,19.01%,"$204,671","$253,795",-81.16%,"$922,945",V2
PSA,"$379,717",Benchmark,112.3,12.6%,"$66,754","$120,284",-76.51%,"$512,144",V2
PHM,"$8,496,411",Strategy,153.1,24.21%,"$591,106","$1,507,350",-69.47%,"$12,714,018",V2
PWR,"$342,302",Strategy,127.0,20.79%,"$44,567","$75,805",-82.87%,"$490,139",V2
QCOM,"$305,439",Benchmark,158.4,16.05%,"$280,480","$246,805",-89.65%,"$961,629",V2
DGX,"$180,944",Benchmark,120.3,16.0%,"$72,115","$82,690",-62.21%,"$219,487",V2
RL,"$72,713",Benchmark,146.7,10.9%,"$33,266","$31,209",-64.59%,"$100,686",V2
RJF,"$534,884",Benchmark,114.6,14.8%,"$130,004","$160,352",-60.75%,"$706,222",V2
RTX,"$3,328,368",Benchmark,115.2,14.3%,"$327,664","$788,261",-55.35%,"$3,467,144",V2
O,"$124,513",Benchmark,100.5,12.76%,"$51,573","$67,435",-63.61%,"$206,435",V2
REG,"$539,411",Strategy,109.6,20.2%,"$218,152","$219,953",-46.23%,"$643,031",V2
REGN,"$196,142",Benchmark,153.3,13.52%,"$18,570","$82,107",-89.46%,"$323,204",V2
RF,"$438,480",Strategy,120.3,12.92%,"$89,564","$125,790",-71.87%,"$602,180",V2
RSG,"$217,664",Benchmark,69.0,18.18%,"$24,011","$41,943",-64.75%,"$217,664",V2
RMD,"$780,687",Benchmark,105.4,23.59%,"$146,062","$224,325",-68.3%,"$940,669",V2
RVTY,"$301,845",Benchmark,128.9,9.93%,"$82,029","$114,878",-90.13%,"$452,128",V2
ROK,"$667,276",Benchmark,120.7,15.1%,"$252,238","$355,475",-76.36%,"$1,236,010",V2
ROL,"$258,888",Benchmark,105.7,11.02%,"$38,412","$69,367",-63.53%,"$294,831",V2
ROP,"$969,829",Benchmark,87.1,22.15%,"$191,664","$333,679",-59.23%,"$1,085,832",V2
ROST,"$1,053,614",Benchmark,121.3,18.55%,"$117,662","$337,041",-72.1%,"$1,768,350",V2
RCL,"$103,192",Benchmark,137.6,11.18%,"$19,931","$29,383",-80.47%,"$145,423",V2
SPGI,"$5,079,070",Benchmark,93.2,18.89%,"$238,366","$832,864",-55.54%,"$5,633,373",V2
SBAC,"$3,855,143",Strategy,114.4,39.77%,"$1,531,020","$2,210,444",-60.01%,"$7,935,591",V2
SLB,"$68,779",Benchmark,150.1,6.67%,"$43,367","$43,333",-79.67%,"$121,750",V2
STX,"$22,824",Benchmark,136.9,5.51%,"$7,398","$9,232",-87.99%,"$34,739",V2
SRE,"$80,062",Benchmark,109.1,11.94%,"$34,833","$43,764",-55.02%,"$111,906",V2
NOW,"$121,725",Benchmark,75.6,32.88%,"$41,728","$55,015",-42.37%,"$187,760",V2
SWKS,"$27,381",Benchmark,170.9,3.66%,"$9,348","$17,830",-95.54%,"$80,517",V2
SJM,"$71,566",Benchmark,137.3,9.83%,"$23,984","$30,681",-54.79%,"$71,609",V2
SNA,"$106,598",Benchmark,122.3,6.79%,"$19,652","$30,365",-64.18%,"$120,097",V2
SOLV,"$9,657",Strategy,1.4,-4.88%,"$10,284","$10,377",-16.42%,"$11,555",V2
LUV,"$94,853",Benchmark,157.7,7.46%,"$109,167","$122,488",-88.38%,"$498,840",V2
SWK,"$48,179",Benchmark,128.4,5.18%,"$23,501","$28,559",-72.64%,"$117,453",V2
SBUX,"$364,587",Benchmark,125.7,17.24%,"$69,373","$165,308",-54.88%,"$542,024",V2
STT,"$7,760,875",Strategy,114.6,23.85%,"$1,266,519","$2,356,134",-58.82%,"$10,552,688",V2
STLD,"$74,103",Benchmark,134.6,10.79%,"$14,835","$20,771",-82.83%,"$107,305",V2
STE,"$237,437",Benchmark,107.1,15.0%,"$25,703","$57,672",-74.25%,"$250,480",V2
SYK,"$5,442,275",Benchmark,95.5,22.44%,"$577,377","$1,148,023",-61.27%,"$5,897,981",V2
SMCI,"$146,762",Benchmark,139.3,24.14%,"$7,457","$14,933",-87.85%,"$221,758",V2
SYF,"$23,896",Strategy,145.7,12.57%,"$13,310","$15,274",-40.87%,"$36,113",V2
SNPS,"$44,250",Benchmark,110.1,6.73%,"$7,604","$13,508",-88.35%,"$64,068",V2
SYY,"$2,497,732",Benchmark,103.5,16.64%,"$439,458","$687,121",-66.93%,"$2,765,642",V2
TMUS,"$130,309",Strategy,108.1,23.04%,"$37,061","$40,932",-58.39%,"$132,710",V2
TROW,"$190,760",Benchmark,106.3,11.57%,"$146,200","$146,229",-72.18%,"$501,438",V2
TTWO,"$119,657",Benchmark,139.4,13.74%,"$37,324","$48,106",-82.4%,"$158,016",V2
TPR,"$128,625",Benchmark,143.2,16.34%,"$70,644","$65,349",-72.23%,"$166,766",V2
TRGP,"$327,347",Strategy,99.5,42.39%,"$36,339","$68,256",-63.95%,"$392,011",V2
TGT,"$2,980,719",Benchmark,125.4,17.14%,"$585,945","$1,066,333",-57.89%,"$5,659,648",V2
TEL,"$23,906",Benchmark,106.2,7.36%,"$15,497","$16,514",-63.29%,"$31,632",V2
TDY,"$100,113",Benchmark,92.9,14.09%,"$16,979","$36,079",-64.76%,"$127,974",V2
TER,"$394,802",Benchmark,159.8,10.75%,"$101,034","$133,666",-86.29%,"$872,622",V2
TXN,"$125,729",Benchmark,146.1,7.18%,"$18,604","$34,204",-74.13%,"$170,143",V2
TPL,"$2,494,118",Benchmark,146.2,19.41%,"$21,272","$303,357",-62.21%,"$3,422,022",V2
TXT,"$261,214",Benchmark,131.6,9.49%,"$41,738","$68,460",-71.07%,"$310,590",V2
TMO,"$412,678",Benchmark,104.3,12.7%,"$63,633","$121,522",-82.49%,"$664,530",V2
TJX,"$1,023,551",Benchmark,103.4,19.43%,"$80,850","$184,150",-62.46%,"$1,034,866",V2
TKO,"$132,322",Benchmark,148.4,15.86%,"$9,318","$28,328",-64.01%,"$154,933",V2
TSCO,"$707,642",Benchmark,129.5,21.95%,"$28,783","$128,566",-83.24%,"$752,706",V2
TT,"$1,170,385",Benchmark,109.0,16.54%,"$69,996","$163,978",-73.06%,"$1,565,667",V2
TDG,"$382,265",Benchmark,57.9,31.96%,"$86,298","$107,740",-50.05%,"$395,764",V2
TRV,"$120,831",Benchmark,117.5,7.58%,"$20,792","$29,566",-63.89%,"$121,764",V2
TRMB,"$58,208",Benchmark,148.2,7.63%,"$23,433","$25,915",-81.51%,"$74,816",V2
TFC,"$90,136",Benchmark,122.1,7.32%,"$53,664","$49,590",-71.79%,"$119,260",V2
TYL,"$389,390",Benchmark,140.4,12.49%,"$25,963","$69,163",-88.35%,"$442,023",V2
TSN,"$34,821",Benchmark,152.5,4.09%,"$12,082","$16,013",-76.6%,"$52,581",V2
USB,"$613,976",Benchmark,112.7,12.16%,"$210,927","$240,552",-56.81%,"$764,302",V2
UBER,"$21,197",Strategy,121.3,20.3%,"$15,868","$15,859",-62.28%,"$26,222",V2
UDR,"$612,206",Benchmark,90.0,14.14%,"$99,166","$194,666",-69.35%,"$647,158",V2
ULTA,"$114,214",Benchmark,103.2,22.46%,"$69,935","$75,012",-53.32%,"$176,463",V2
UAL,"$11,216",Benchmark,146.4,0.87%,"$9,903","$9,772",-91.0%,"$20,566",V2
UPS,"$28,692",Benchmark,142.2,6.21%,"$12,260","$14,676",-59.58%,"$33,268",V2
URI,"$512,769",Strategy,141.5,23.29%,"$39,145","$100,915",-68.94%,"$680,895",V2
UHS,"$316,482",Benchmark,131.8,12.12%,"$64,535","$103,079",-84.6%,"$441,588",V2
VLO,"$81,556",Benchmark,139.3,7.28%,"$12,418","$20,759",-84.45%,"$101,373",V2
VTR,"$120,636",Benchmark,114.9,13.81%,"$77,874","$61,576",-71.64%,"$130,404",V2
VLTO,"$10,016",Strategy,39.8,0.16%,"$10,361","$10,419",-15.45%,"$11,308",V2
VRSN,"$1,596,727",Strategy,117.9,31.11%,"$252,096","$455,241",-90.24%,"$1,597,165",V2
VRSK,"$85,676",Benchmark,74.5,22.29%,"$27,217","$38,249",-30.29%,"$85,677",V2
VZ,"$45,964",Benchmark,121.5,5.49%,"$21,926","$25,289",-77.77%,"$49,937",V2
VRTX,"$198,665",Benchmark,151.8,13.72%,"$22,609","$44,741",-84.24%,"$241,403",V2
VTRS,"$46,179",Benchmark,173.0,5.04%,"$32,051","$45,147",-86.66%,"$188,859",V2
VICI,"$31,223",Strategy,95.9,25.59%,"$25,709","$22,934",-31.91%,"$33,423",V2
V,"$311,983",Strategy,65.1,34.01%,"$66,285","$99,764",-34.76%,"$333,414",V2
VST,"$120,068",Strategy,90.6,52.92%,"$19,082","$31,438",-40.17%,"$185,056",V2
VMC,"$867,760",Benchmark,106.2,13.2%,"$216,793","$238,516",-76.39%,"$1,088,870",V2
WRB,"$9,902,753",Benchmark,116.7,21.42%,"$260,902","$1,016,801",-60.02%,"$10,040,819",V2
GWW,"$404,926",Benchmark,113.0,10.83%,"$42,249","$77,769",-59.82%,"$487,886",V2
WAB,"$286,931",Benchmark,111.2,17.75%,"$45,390","$77,928",-53.46%,"$346,451",V2
WBA,"$369,446",Benchmark,140.1,12.3%,"$585,693","$557,273",-77.5%,"$1,543,952",V2
DIS,"$5,933,073",Benchmark,130.8,15.77%,"$520,116","$1,447,521",-72.29%,"$8,737,467",V2
WBD,"$14,102",Strategy,174.6,2.56%,"$26,042","$25,421",-80.22%,"$67,154",V2
WM,"$73,428",Benchmark,105.9,8.17%,"$24,579","$30,015",-88.93%,"$89,244",V2
WAT,"$57,487",Benchmark,129.2,9.02%,"$51,225","$48,946",-65.93%,"$99,496",V2
WEC,"$784,708",Benchmark,87.3,15.05%,"$80,615","$225,633",-44.09%,"$940,085",V2
WFC,"$778,101",Benchmark,114.3,12.67%,"$270,541","$270,466",-67.5%,"$967,160",V2
WELL,"$1,127,682",Benchmark,105.5,16.41%,"$95,028","$171,008",-58.65%,"$1,160,455",V2
WST,"$1,389,372",Benchmark,112.1,17.19%,"$85,639","$519,299",-67.5%,"$4,013,725",V2
WDC,"$32,939",Benchmark,168.0,3.79%,"$29,132","$48,528",-98.39%,"$485,267",V2
WY,"$54,365",Benchmark,145.8,4.83%,"$23,312","$30,585",-55.3%,"$111,335",V2
WSM,"$2,746,100",Benchmark,131.9,21.51%,"$246,712","$464,745",-80.05%,"$4,498,158",V2
WMB,"$914,553",Benchmark,101.7,16.32%,"$137,809","$231,488",-77.31%,"$954,370",V2
WTW,"$23,023",Benchmark,122.4,5.21%,"$15,269","$15,171",-45.7%,"$29,538",V2
WDAY,"$23,055",Benchmark,120.0,10.21%,"$18,430","$18,819",-58.0%,"$35,802",V2
WYNN,"$202,493",Strategy,141.7,21.47%,"$207,361","$191,501",-64.9%,"$441,820",V2
XEL,"$680,474",Benchmark,112.0,12.44%,"$74,491","$227,654",-48.15%,"$993,953",V2
XYL,"$25,256",Benchmark,111.6,10.5%,"$22,564","$21,413",-43.46%,"$39,354",V2
YUM,"$350,087",Benchmark,91.6,20.6%,"$150,278","$151,954",-43.64%,"$378,872",V2
ZBRA,"$117,529",Benchmark,125.8,11.2%,"$19,566","$38,540",-78.15%,"$185,673",V2
VIX,"$11,690",Strategy,146.3,7.52%,"$9,191","$9,253",-33.17%,"$14,691",V2
QQQ,"$52,697",Benchmark,95.8,9.68%,"$10,175","$17,089",-69.53%,"$59,822",V2
IWM,"$19,673",Benchmark,112.3,4.03%,"$14,923","$15,240",-46.88%,"$24,312",V2
XLK,"$58,588",Benchmark,101.2,10.25%,"$11,986","$19,516",-63.0%,"$73,106",V2
XLF,"$93,710",Strategy,116.0,13.14%,"$29,620","$39,882",-59.46%,"$110,673",V2
XLE,"$30,141",Benchmark,117.5,6.28%,"$26,261","$24,658",-70.22%,"$41,723",V2
XLV,"$51,065",Benchmark,104.3,9.41%,"$17,924","$26,909",-36.97%,"$59,742",V2
XLI,"$41,660",Benchmark,100.4,8.19%,"$15,486","$20,515",-48.73%,"$50,868",V2
XLY,"$23,763",Benchmark,97.6,4.89%,"$9,711","$13,449",-57.96%,"$32,069",V2
XLP,"$30,653",Benchmark,82.9,6.37%,"$14,069","$17,162",-40.69%,"$32,139",V2
XLU,"$100,860",Strategy,97.6,13.6%,"$54,025","$54,734",-40.45%,"$120,459",V2
XLB,"$15,098",Benchmark,107.6,2.3%,"$10,675","$11,382",-54.47%,"$18,114",V2
XLRE,"$7,638",Benchmark,107.3,-4.03%,"$8,528","$8,578",-42.32%,"$11,163",V2
MSFT,"$4,091,449",Benchmark,92.3,24.97%,"$367,159","$777,781",-70.21%,"$5,138,643",V2
ADBE,"$2,246,090",Benchmark,112.4,22.49%,"$205,714","$688,320",-62.61%,"$4,439,742",V2
CRM,"$92,965",Benchmark,94.8,16.82%,"$61,629","$63,040",-59.69%,"$141,875",V2
JPM,"$179,723",Benchmark,123.0,9.73%,"$40,885","$48,693",-77.93%,"$235,135",V2
BAC,"$175,377",Benchmark,133.2,8.28%,"$104,639","$103,548",-67.61%,"$304,893",V2
GS,"$59,927",Benchmark,143.7,10.53%,"$20,977","$23,240",-71.88%,"$86,389",V2
MS,"$35,767",Benchmark,138.5,5.92%,"$15,535","$17,911",-90.97%,"$53,604",V2
SCHW,"$2,468,470",Benchmark,128.6,23.68%,"$579,597","$1,026,202",-74.89%,"$4,084,901",V2
XOM,"$11,016,333",Strategy,106.7,17.41%,"$498,221","$2,482,928",-50.81%,"$12,844,856",V2
CVX,"$194,056",Benchmark,113.0,7.03%,"$82,532","$98,353",-61.94%,"$278,269",V2
COP,"$92,430",Benchmark,123.4,7.73%,"$31,065","$38,343",-77.28%,"$114,450",V2
EOG,"$446,771",Benchmark,134.4,16.77%,"$101,800","$132,568",-63.66%,"$660,418",V2
PSX,"$12,333",Benchmark,121.4,2.37%,"$11,871","$12,179",-60.0%,"$20,549",V2
JNJ,"$8,385,626",Benchmark,102.8,16.68%,"$930,674","$3,167,741",-52.02%,"$12,740,601",V2
PFE,"$1,036,620",Benchmark,132.8,13.55%,"$576,273","$558,561",-50.53%,"$2,095,365",V2
UNH,"$3,238,124",Benchmark,100.5,22.98%,"$262,960","$691,623",-74.7%,"$3,461,715",V2
LLY,"$982,422",Benchmark,119.2,13.39%,"$47,518","$99,199",-74.76%,"$1,236,445",V2
MRK,"$4,695,756",Benchmark,112.1,15.14%,"$909,054","$1,469,883",-69.17%,"$6,241,305",V2
BA,"$17,026,255",Strategy,135.1,18.59%,"$456,227","$3,552,545",-88.77%,"$26,561,863",V2
CAT,"$2,254,896",Benchmark,137.9,13.22%,"$83,067","$391,655",-57.31%,"$3,107,357",V2
DE,"$2,778,640",Benchmark,118.8,16.66%,"$164,327","$591,684",-56.9%,"$3,575,537",V2
LMT,"$4,732,727",Benchmark,105.8,20.29%,"$536,723","$1,421,213",-58.54%,"$6,897,559",V2
UNP,"$444,177",Benchmark,102.6,12.9%,"$62,426","$152,823",-56.8%,"$667,764",V2
TSLA,"$2,321,500",Strategy,140.0,70.66%,"$66,600","$632,976",-54.5%,"$4,158,993",V2
AMZN,"$1,103,994",Benchmark,117.3,27.7%,"$102,581","$288,119",-94.58%,"$1,604,875",V2
HD,"$15,779,601",Benchmark,98.6,27.74%,"$1,582,880","$3,703,579",-76.09%,"$18,682,926",V2
MCD,"$1,076,376",Benchmark,110.0,12.24%,"$119,413","$259,698",-81.26%,"$1,246,571",V2
NKE,"$3,372,648",Benchmark,119.0,20.93%,"$572,087","$2,163,004",-71.02%,"$11,637,155",V2
KO,"$2,303,041",Benchmark,103.8,13.28%,"$832,617","$805,939",-75.5%,"$3,165,124",V2
PEP,"$414,070",Benchmark,93.8,10.74%,"$141,575","$151,387",-53.91%,"$485,718",V2
WMT,"$8,249,768",Benchmark,103.4,20.29%,"$1,789,788","$1,935,063",-67.89%,"$9,645,809",V2
PG,"$2,186,732",Benchmark,102.0,13.14%,"$251,605","$600,460",-54.32%,"$2,446,034",V2
COST,"$276,543",Benchmark,107.6,13.21%,"$19,421","$44,692",-70.55%,"$307,359",V2
NEE,"$1,286,287",Benchmark,98.2,14.44%,"$49,169","$266,875",-40.55%,"$1,744,559",V2
DUK,"$1,196,056",Benchmark,94.0,16.61%,"$132,806","$302,527",-57.72%,"$1,275,647",V2
SO,"$855,566",Benchmark,83.5,16.05%,"$229,712","$283,507",-35.67%,"$932,518",V2
AEP,"$787,948",Benchmark,114.7,10.53%,"$43,858","$136,451",-72.61%,"$841,218",V2
EXC,"$2,680,858",Strategy,121.8,16.86%,"$373,139","$653,974",-65.64%,"$2,858,171",V2
LIN,"$867,599",Benchmark,85.8,21.79%,"$158,907","$244,374",-38.44%,"$1,057,663",V2
SHW,"$2,450,901",Benchmark,87.9,19.33%,"$115,369","$461,505",-48.57%,"$3,060,484",V2
NEM,"$6,906",Benchmark,169.8,-1.18%,"$13,502","$15,122",-86.18%,"$37,756",V2
APD,"$509,310",Benchmark,108.5,13.46%,"$87,939","$194,840",-40.27%,"$717,561",V2
FCX,"$176,556",Strategy,163.6,15.02%,"$73,233","$75,197",-74.66%,"$220,526",V2
PLD,"$29,056",Benchmark,91.8,5.82%,"$25,316","$27,267",-76.02%,"$72,199",V2
AMT,"$137,751",Strategy,104.3,15.06%,"$64,804","$76,736",-88.59%,"$213,633",V2
CCI,"$35,321",Benchmark,104.4,7.11%,"$30,007","$29,874",-86.86%,"$74,517",V2
SPG,"$303,671",Benchmark,99.3,17.12%,"$54,468","$87,345",-76.8%,"$393,795",V2
EQIX,"$163,059",Benchmark,109.5,17.85%,"$54,439","$71,876",-93.78%,"$215,823",V2
IONQ,"$318,718",Strategy,0.0,123.23%,"$78,220","$97,378",-60.83%,"$532,082",V2
HOOD,"$36,759",Benchmark,141.5,91.73%,"$9,542","$13,286",-48.23%,"$45,859",V2
PR,"$20,913",Strategy,81.5,8.5%,"$9,892","$12,375",-57.55%,"$28,958",V2
BX,"$62,811",Benchmark,78.1,10.82%,"$19,418","$27,317",-48.85%,"$95,999",V2
X,"$4,773",Benchmark,62.9,-2.14%,"$4,385","$4,928",-85.66%,"$13,136",V2
QTUM,"$25,365",Benchmark,71.3,15.04%,"$16,264","$16,692",-33.88%,"$29,947",V2
NKLA,"$8,602",Strategy,5.7,-3.03%,"$10,000","$9,530",-33.39%,"$12,915",V2
MRNA,"$33,051",Strategy,71.6,20.59%,"$55,951","$60,829",-84.38%,"$210,800",V2
VIR,"$1,631",Strategy,54.0,-27.9%,"$4,688","$4,451",-85.5%,"$10,343",V2
GLD,"$37,248",Benchmark,52.3,6.63%,"$21,602","$21,658",-39.54%,"$38,341",V2
DIA,"$27,443",Benchmark,33.9,3.76%,"$13,767","$15,885",-32.01%,"$29,951",V2
SRNE,"$7,410",Strategy,39.9,-1.16%,"$10,000","$11,673",-93.57%,"$48,777",V2
SPY,"$11,396",Strategy,34.1,2.56%,"$14,041","$14,769",-63.78%,"$29,212",V2
AAPL,"$11,396",Strategy,34.1,2.56%,"$14,041","$14,769",-63.78%,"$29,212",V2
NVDA,"$11,396",Strategy,34.1,2.56%,"$14,041","$14,769",-63.78%,"$29,212",V2
NVDA,"$11,396",Strategy,34.1,2.56%,"$14,041","$14,769",-63.78%,"$29,212",V2
