symbol,end_val,winner,trades,cagr,median,average,max_drawdown,running_max,
AOS,"$564,361",Benchmark,133.5,15.49%,"$61,869","$157,788",-62.78%,"$866,831"
ABT,"$2,040,334",Benchmark,89.5,18.72%,"$396,909","$551,822",-45.26%,"$2,549,403"
ABBV,"$64,011",Benchmark,90.4,26.12%,"$22,839","$28,388",-34.06%,"$68,773"
ACN,"$74,504",Benchmark,98.2,13.37%,"$26,976","$38,963",-43.21%,"$120,467"
ADBE,"$339,656",Benchmark,117.1,14.52%,"$49,216","$98,960",-83.41%,"$461,569"
AMD,"$292,276",Strategy,177.0,11.5%,"$13,069","$43,329",-91.26%,"$690,235"
AES,"$54,367",Strategy,143.7,7.64%,"$41,464","$59,853",-90.65%,"$242,895"
AFL,"$1,115,228",Benchmark,94.4,16.42%,"$231,534","$268,200",-83.9%,"$1,138,710"
A,"$20,833",Benchmark,141.7,4.41%,"$7,193","$10,803",-79.9%,"$38,130"
APD,"$493,351",Benchmark,109.2,13.4%,"$62,517","$120,659",-55.25%,"$585,361"
ABNB,"$4,439",Benchmark,215.5,-33.37%,"$7,316","$7,425",-63.07%,"$12,021"
AKAM,"$48,675",Strategy,152.5,9.76%,"$55,429","$49,403",-92.76%,"$110,662"
ALB,"$28,955",Benchmark,140.6,5.19%,"$17,682","$27,558",-79.15%,"$130,151"
ARE,"$58,157",Benchmark,96.7,9.71%,"$29,413","$31,463",-59.11%,"$79,858"
ALGN,"$490,637",Strategy,149.1,27.55%,"$129,096","$330,515",-72.04%,"$1,585,630"
ALLE,"$17,302",Benchmark,109.7,8.15%,"$13,418","$13,930",-48.44%,"$21,098"
LNT,"$1,449,814",Strategy,109.4,14.83%,"$93,458","$279,404",-39.73%,"$1,476,418"
ALL,"$182,155",Benchmark,123.1,14.82%,"$59,524","$67,546",-69.63%,"$186,466"
GOOGL,"$113,417",Benchmark,92.4,18.94%,"$23,541","$38,205",-57.9%,"$153,664"
GOOG,"$108,570",Benchmark,92.8,18.57%,"$22,934","$36,884",-57.89%,"$147,564"
MO,"$71,798,947",Benchmark,100.3,22.94%,"$1,510,052","$13,568,085",-56.79%,"$83,223,536"
AMZN,"$2,499,346",Benchmark,117.9,33.72%,"$280,500","$792,831",-84.58%,"$3,391,019"
AMCR,"$15,815",Benchmark,150.0,5.9%,"$13,312","$13,940",-37.16%,"$20,286"
AEE,"$24,107",Benchmark,107.6,5.01%,"$13,461","$14,763",-60.5%,"$29,826"
AEP,"$731,165",Benchmark,116.3,10.5%,"$72,320","$165,686",-60.48%,"$830,523"
AXP,"$884,892",Benchmark,123.8,13.26%,"$43,429","$125,879",-62.36%,"$1,137,160"
AIG,"$377,596",Strategy,127.4,10.61%,"$84,060","$114,977",-82.77%,"$384,254"
AMT,"$63,773",Benchmark,107.7,10.84%,"$32,194","$40,429",-94.24%,"$115,872"
AWK,"$53,785",Benchmark,92.6,16.53%,"$44,037","$40,050",-43.8%,"$79,716"
AMP,"$57,262",Benchmark,107.3,14.37%,"$17,636","$21,667",-74.01%,"$71,980"
AME,"$487,813",Benchmark,99.0,14.89%,"$63,096","$120,891",-48.91%,"$594,274"
AMGN,"$6,169,084",Benchmark,124.9,25.79%,"$2,094,485","$2,201,493",-77.05%,"$6,825,443"
APH,"$949,542",Benchmark,84.5,21.89%,"$103,876","$205,649",-70.69%,"$1,246,069"
ADI,"$382,750",Benchmark,133.8,12.48%,"$113,067","$148,198",-80.65%,"$510,607"
ANSS,"$86,621",Benchmark,97.9,12.03%,"$29,494","$43,374",-67.84%,"$163,484"
AON,"$1,400,991",Benchmark,111.9,17.91%,"$149,521","$293,069",-42.18%,"$1,454,393"
APA,"$12,709",Benchmark,169.6,0.78%,"$8,526","$11,952",-93.52%,"$47,426"
APO,"$145,409",Benchmark,108.2,34.64%,"$41,163","$49,991",-42.23%,"$202,864"
AAPL,"$1,620,008",Benchmark,133.6,18.48%,"$34,276","$337,950",-88.47%,"$2,100,303"
AMAT,"$20,598,496",Strategy,147.0,27.91%,"$554,059","$2,385,898",-76.24%,"$35,037,037"
APTV,"$81,056",Strategy,134.0,26.18%,"$32,200","$50,012",-42.96%,"$117,697"
ACGL,"$607,258",Strategy,98.8,22.79%,"$69,120","$131,934",-43.99%,"$686,452"
ADM,"$39,603",Benchmark,146.3,4.54%,"$27,991","$30,104",-76.75%,"$84,008"
ANET,"$105,553",Benchmark,103.1,40.03%,"$34,748","$47,228",-45.74%,"$194,517"
AJG,"$1,678,430",Benchmark,91.5,20.08%,"$95,102","$201,839",-52.61%,"$1,682,524"
AIZ,"$64,377",Benchmark,100.1,14.23%,"$15,442","$19,799",-77.88%,"$71,834"
T,"$607,954",Benchmark,111.9,15.8%,"$189,622","$215,345",-65.58%,"$643,015"
ATO,"$184,356",Benchmark,104.5,10.97%,"$42,176","$53,117",-52.81%,"$184,356"
ADSK,"$99,829",Benchmark,120.1,8.9%,"$27,012","$37,663",-92.67%,"$124,708"
ADP,"$549,484",Benchmark,89.5,13.8%,"$160,633","$203,558",-69.61%,"$719,849"
AZO,"$242,730",Benchmark,98.3,14.87%,"$22,661","$48,742",-73.08%,"$242,854"
AVB,"$234,977",Benchmark,110.2,16.22%,"$100,069","$97,474",-70.27%,"$267,128"
AVY,"$99,835",Benchmark,128.5,6.6%,"$17,336","$25,739",-81.95%,"$110,762"
AXON,"$3,417,513",Benchmark,150.4,44.0%,"$204,700","$472,713",-86.9%,"$4,606,708"
BKR,"$17,639",Benchmark,153.0,2.21%,"$14,358","$14,405",-71.52%,"$25,587"
BALL,"$1,901,879",Benchmark,118.7,15.69%,"$210,006","$820,259",-56.34%,"$3,977,180"
BAC,"$217,535",Benchmark,133.1,8.93%,"$31,370","$48,387",-75.06%,"$275,736"
BAX,"$156,560",Benchmark,129.7,9.95%,"$110,672","$124,168",-64.51%,"$356,946"
BDX,"$237,154",Benchmark,115.7,9.19%,"$56,219","$93,512",-71.92%,"$395,627"
BRK-B,"$152,430",Benchmark,96.6,15.42%,"$28,515","$43,294",-51.31%,"$154,601"
BBY,"$2,202,879",Benchmark,161.7,22.12%,"$498,244","$661,290",-77.39%,"$3,212,479"
TECH,"$1,180,575",Benchmark,132.4,21.99%,"$635,125","$831,931",-69.11%,"$3,821,318"
BIIB,"$41,173",Benchmark,159.3,6.35%,"$22,543","$26,676",-86.41%,"$86,851"
BLK,"$78,118",Benchmark,91.6,12.85%,"$36,762","$39,706",-73.09%,"$105,021"
BX,"$622,056",Strategy,115.8,41.09%,"$61,070","$153,752",-46.89%,"$899,401"
BK,"$344,336",Benchmark,121.6,10.64%,"$86,180","$90,061",-70.92%,"$383,289"
BA,"$11,155,313",Strategy,137.7,17.73%,"$694,049","$3,152,740",-66.23%,"$21,902,031"
BKNG,"$675,859",Strategy,129.8,28.13%,"$159,381","$205,301",-73.38%,"$811,531"
BSX,"$18,578",Benchmark,149.6,2.86%,"$8,723","$9,765",-92.55%,"$26,474"
BMY,"$1,058,153",Benchmark,118.9,13.82%,"$168,828","$289,720",-76.5%,"$1,154,964"
AVGO,"$856,700",Benchmark,72.0,56.06%,"$101,230","$221,129",-41.03%,"$1,378,729"
BR,"$91,542",Benchmark,81.2,20.26%,"$29,580","$33,892",-44.6%,"$93,958"
BRO,"$6,180,834",Benchmark,109.9,23.89%,"$383,549","$697,453",-60.92%,"$6,180,834"
BF-B,"$599,040",Benchmark,116.9,14.11%,"$110,910","$275,256",-58.88%,"$1,456,759"
BLDR,"$120,542",Strategy,166.5,21.11%,"$12,729","$31,440",-86.82%,"$209,263"
BG,"$60,937",Strategy,133.3,11.96%,"$34,001","$38,269",-49.73%,"$90,142"
BXP,"$40,311",Benchmark,121.1,7.61%,"$38,560","$34,229",-76.09%,"$67,201"
CHRW,"$90,015",Benchmark,131.2,12.98%,"$50,756","$48,079",-46.88%,"$108,437"
CDNS,"$846,443",Benchmark,110.6,18.61%,"$73,536","$157,463",-78.23%,"$1,238,839"
CZR,"$19,060",Benchmark,132.3,9.65%,"$30,256","$32,796",-78.38%,"$83,329"
CPT,"$226,323",Benchmark,103.1,16.01%,"$49,386","$69,349",-70.83%,"$256,668"
CPB,"$316,835",Benchmark,132.1,10.08%,"$118,534","$134,600",-73.29%,"$386,180"
COF,"$325,598",Strategy,138.2,19.02%,"$89,041","$112,714",-76.15%,"$459,252"
CAH,"$591,742",Benchmark,131.9,15.69%,"$141,432","$152,463",-68.93%,"$598,561"
KMX,"$122,508",Strategy,155.7,14.1%,"$112,174","$112,513",-70.14%,"$375,052"
CCL,"$247,542",Strategy,139.5,13.14%,"$85,632","$106,403",-73.15%,"$403,169"
CARR,"$16,721",Benchmark,83.3,18.69%,"$13,952","$14,206",-36.75%,"$22,699"
CAT,"$2,305,363",Benchmark,140.2,13.49%,"$174,588","$467,871",-70.19%,"$2,803,325"
CBOE,"$82,098",Benchmark,86.7,23.43%,"$25,552","$30,624",-36.74%,"$82,276"
CBRE,"$76,095",Benchmark,114.9,15.6%,"$24,630","$30,384",-75.97%,"$86,458"
CDW,"$33,999",Benchmark,80.4,16.53%,"$31,694","$30,364",-49.85%,"$51,883"
COR,"$332,234",Benchmark,109.5,19.14%,"$41,944","$82,806",-72.55%,"$332,234"
CNC,"$43,277",Benchmark,128.5,9.59%,"$23,501","$27,159",-75.01%,"$67,406"
CNP,"$1,171,956",Benchmark,121.9,11.72%,"$81,251","$209,322",-61.08%,"$1,385,403"
CF,"$121,671",Benchmark,113.2,21.19%,"$53,653","$64,070",-68.88%,"$186,547"
CRL,"$36,959",Benchmark,114.2,7.99%,"$10,000","$15,972",-69.1%,"$61,965"
SCHW,"$779,220",Benchmark,135.7,19.03%,"$490,041","$500,161",-93.67%,"$2,715,732"
CHTR,"$83,324",Benchmark,97.5,23.62%,"$57,139","$57,081",-54.01%,"$134,768"
CVX,"$5,641,483",Strategy,114.9,15.87%,"$419,252","$1,467,090",-52.46%,"$7,530,103"
CMG,"$448,925",Strategy,98.8,34.0%,"$82,769","$144,844",-58.83%,"$613,500"
CB,"$801,091",Strategy,106.5,22.05%,"$145,959","$230,930",-55.42%,"$810,259"
CHD,"$2,399,952",Benchmark,97.2,19.34%,"$173,388","$581,976",-60.3%,"$2,452,822"
CI,"$917,984",Benchmark,122.2,16.86%,"$65,500","$232,055",-47.65%,"$1,196,926"
CINF,"$1,796,494",Benchmark,115.6,18.23%,"$215,322","$381,918",-52.01%,"$1,965,356"
CTAS,"$3,818,509",Benchmark,86.7,23.65%,"$170,703","$440,490",-74.42%,"$4,337,520"
CSCO,"$263,432",Benchmark,119.0,14.6%,"$247,929","$274,485",-90.53%,"$1,507,088"
C,"$146,424",Strategy,135.0,8.47%,"$54,429","$63,782",-83.73%,"$196,459"
CFG,"$6,890",Benchmark,146.6,-5.18%,"$8,611","$8,231",-58.75%,"$11,326"
CLX,"$607,977",Benchmark,113.0,12.09%,"$149,061","$203,194",-65.96%,"$927,921"
CME,"$266,584",Benchmark,88.6,24.47%,"$49,763","$73,661",-80.22%,"$266,584"
CMS,"$44,205",Benchmark,130.5,4.21%,"$12,936","$19,260",-80.35%,"$75,247"
KO,"$9,603,660",Benchmark,105.7,17.32%,"$1,291,918","$2,354,923",-62.65%,"$10,415,724"
CTSH,"$858,436",Benchmark,136.1,28.06%,"$640,171","$570,891",-61.9%,"$1,252,248"
CL,"$976,291",Benchmark,111.1,13.98%,"$340,584","$389,168",-58.57%,"$1,188,290"
CMCSA,"$263,306",Benchmark,127.1,11.13%,"$88,742","$118,484",-67.71%,"$403,651"
CAG,"$176,502",Benchmark,113.3,9.7%,"$70,774","$89,435",-55.37%,"$247,085"
COP,"$122,635",Benchmark,127.8,9.03%,"$36,542","$48,751",-62.62%,"$200,443"
ED,"$4,109,538",Benchmark,103.9,15.02%,"$387,917","$1,057,837",-36.56%,"$4,952,744"
STZ,"$271,589",Benchmark,119.9,16.19%,"$65,237","$140,615",-66.13%,"$432,504"
CEG,"$15,243",Benchmark,48.0,23.47%,"$12,130","$14,355",-44.65%,"$27,540"
COO,"$11,206",Benchmark,140.1,0.39%,"$7,109","$7,565",-99.17%,"$22,370"
CPRT,"$1,917,835",Benchmark,100.8,28.44%,"$100,857","$342,036",-56.03%,"$2,160,273"
GLW,"$88,034",Benchmark,138.7,7.79%,"$55,551","$63,665",-96.23%,"$401,654"
CPAY,"$114,405",Benchmark,122.7,31.1%,"$60,149","$59,740",-49.71%,"$140,286"
CTVA,"$14,993",Benchmark,96.2,10.66%,"$12,720","$12,117",-33.8%,"$16,133"
CSGP,"$76,168",Benchmark,130.6,11.94%,"$15,824","$40,530",-65.49%,"$161,656"
COST,"$269,349",Benchmark,111.8,13.5%,"$16,698","$42,447",-71.51%,"$286,896"
CTRA,"$34,693",Benchmark,149.0,5.32%,"$22,331","$26,417",-81.85%,"$102,973"
CRWD,"$45,711",Benchmark,123.2,46.22%,"$26,776","$29,697",-61.38%,"$59,815"
CCI,"$369,657",Strategy,106.0,22.21%,"$187,565","$213,224",-82.59%,"$639,015"
CSX,"$479,833",Benchmark,116.2,13.77%,"$30,082","$129,761",-58.67%,"$717,367"
CMI,"$246,390",Benchmark,148.6,9.31%,"$35,328","$84,158",-77.4%,"$320,527"
CVS,"$466,130",Benchmark,134.2,11.26%,"$124,811","$172,088",-72.8%,"$535,170"
DHR,"$554,612",Benchmark,94.2,13.83%,"$34,830","$101,700",-83.93%,"$689,523"
DRI,"$544,466",Strategy,108.5,22.12%,"$85,148","$135,696",-43.55%,"$568,585"
DVA,"$34,755",Benchmark,125.7,6.43%,"$16,864","$17,559",-90.45%,"$37,090"
DAY,"$14,142",Strategy,152.2,9.05%,"$18,174","$17,736",-53.42%,"$26,730"
DECK,"$225,354",Benchmark,132.3,15.99%,"$10,662","$35,534",-97.73%,"$382,912"
DE,"$340,702",Benchmark,121.0,10.3%,"$29,166","$68,924",-76.63%,"$484,710"
DELL,"$58,536",Strategy,134.8,42.39%,"$19,367","$26,898",-44.95%,"$98,662"
DAL,"$9,823",Benchmark,140.5,-0.15%,"$14,800","$14,971",-73.6%,"$31,928"
DVN,"$749,797",Strategy,157.2,17.34%,"$145,429","$200,362",-73.45%,"$1,066,111"
DXCM,"$238,025",Strategy,146.9,27.61%,"$67,436","$148,481",-69.86%,"$776,525"
FANG,"$61,002",Strategy,133.8,25.36%,"$15,506","$30,871",-71.31%,"$97,065"
DLR,"$40,338",Benchmark,103.6,10.48%,"$26,900","$30,108",-59.0%,"$57,757"
DFS,"$102,284",Benchmark,120.8,21.38%,"$40,503","$43,424",-48.93%,"$124,872"
DG,"$21,056",Benchmark,105.2,7.73%,"$21,784","$26,026",-63.57%,"$53,560"
DLTR,"$48,513",Benchmark,139.1,8.22%,"$39,363","$39,904",-82.5%,"$92,455"
D,"$370,149",Benchmark,79.5,12.36%,"$179,401","$245,319",-65.95%,"$826,566"
DPZ,"$273,522",Benchmark,101.9,26.66%,"$96,908","$116,515",-64.13%,"$315,261"
DASH,"$6,460",Benchmark,159.0,-19.62%,"$4,392","$4,757",-80.62%,"$11,400"
DOV,"$198,978",Benchmark,108.4,10.13%,"$36,968","$49,322",-65.71%,"$251,719"
DOW,"$4,616",Benchmark,147.0,-17.57%,"$7,507","$7,606",-54.76%,"$10,204"
DHI,"$281,126",Benchmark,135.7,16.37%,"$63,017","$82,066",-84.47%,"$425,681"
DTE,"$2,939,622",Benchmark,113.9,14.13%,"$246,823","$421,609",-50.12%,"$2,939,623"
DUK,"$387,861",Benchmark,94.5,12.52%,"$120,876","$130,382",-61.56%,"$388,165"
DD,"$521,423",Benchmark,134.1,11.61%,"$148,017","$186,009",-72.2%,"$632,646"
EMN,"$95,871",Strategy,136.6,11.36%,"$15,236","$34,854",-63.41%,"$141,552"
ETN,"$459,320",Benchmark,115.3,11.22%,"$44,402","$87,679",-56.54%,"$643,339"
EBAY,"$44,095",Benchmark,132.6,8.59%,"$13,749","$15,739",-78.13%,"$46,918"
ECL,"$332,874",Benchmark,110.0,10.23%,"$39,858","$76,527",-60.77%,"$357,990"
EIX,"$134,624",Benchmark,93.5,7.71%,"$105,730","$107,189",-91.11%,"$316,272"
EW,"$246,273",Benchmark,112.4,20.74%,"$59,373","$146,327",-56.66%,"$541,410"
EA,"$20,590",Benchmark,135.7,3.06%,"$20,089","$20,659",-96.48%,"$76,650"
ELV,"$79,263",Benchmark,115.5,13.81%,"$32,858","$40,756",-50.7%,"$98,568"
EMR,"$424,098",Benchmark,111.5,10.97%,"$118,817","$147,347",-65.86%,"$556,758"
ENPH,"$125,439",Benchmark,187.2,37.18%,"$12,767","$64,898",-88.2%,"$259,081"
ETR,"$2,610,363",Benchmark,107.9,16.72%,"$224,871","$432,576",-61.2%,"$2,697,211"
EOG,"$74,233",Benchmark,137.9,8.71%,"$24,416","$27,317",-81.07%,"$101,212"
EPAM,"$131,733",Strategy,104.0,33.17%,"$46,320","$109,454",-68.24%,"$414,756"
EQT,"$125,989",Benchmark,125.6,8.52%,"$77,313","$114,651",-92.27%,"$435,138"
EFX,"$1,247,140",Benchmark,105.3,16.85%,"$200,322","$341,322",-67.0%,"$1,676,775"
EQIX,"$269,977",Strategy,116.7,22.87%,"$83,003","$134,496",-83.49%,"$441,510"
EQR,"$31,258",Benchmark,118.0,5.58%,"$26,517","$27,770",-85.12%,"$55,341"
ERIE,"$111,232",Benchmark,125.1,12.8%,"$21,865","$30,250",-58.7%,"$144,120"
ESS,"$89,805",Benchmark,88.0,11.02%,"$74,573","$73,747",-79.72%,"$158,951"
EL,"$21,593",Benchmark,129.9,3.92%,"$16,207","$25,740",-84.56%,"$123,216"
EG,"$70,483",Benchmark,113.7,10.26%,"$26,826","$33,903",-51.11%,"$78,983"
EVRG,"$873,400",Strategy,126.5,13.22%,"$42,264","$137,366",-51.34%,"$876,177"
ES,"$80,215",Benchmark,132.1,5.95%,"$28,921","$44,748",-60.55%,"$183,759"
EXC,"$567,449",Benchmark,125.2,12.23%,"$122,171","$175,289",-68.17%,"$733,584"
EXE,"$15,854",Benchmark,145.5,25.91%,"$13,593","$13,243",-30.8%,"$16,329"
EXPE,"$38,719",Benchmark,144.5,10.98%,"$19,105","$21,348",-69.27%,"$53,619"
EXPD,"$798,311",Benchmark,96.0,17.61%,"$299,772","$339,419",-51.71%,"$1,105,900"
EXR,"$236,181",Strategy,85.2,25.34%,"$73,232","$84,276",-59.4%,"$289,018"
XOM,"$1,240,037",Benchmark,108.2,11.86%,"$334,033","$472,361",-76.91%,"$1,794,942"
FFIV,"$168,693",Strategy,158.9,18.08%,"$42,220","$50,245",-78.93%,"$208,758"
FDS,"$237,877",Benchmark,112.4,18.15%,"$56,605","$93,037",-63.83%,"$321,089"
FICO,"$1,243,514",Benchmark,106.9,20.38%,"$44,591","$144,902",-84.16%,"$1,732,551"
FAST,"$552,510",Benchmark,107.2,17.41%,"$193,387","$203,989",-67.67%,"$593,984"
FRT,"$588,987",Benchmark,108.1,12.35%,"$104,636","$231,935",-80.54%,"$775,016"
FDX,"$386,840",Benchmark,140.0,12.1%,"$161,677","$190,524",-66.54%,"$556,420"
FIS,"$27,261",Benchmark,115.8,6.47%,"$15,790","$19,715",-66.45%,"$53,230"
FITB,"$2,441,673",Strategy,110.3,19.4%,"$628,212","$1,037,329",-78.15%,"$3,914,419"
FSLR,"$35,236",Strategy,171.9,11.07%,"$13,075","$15,486",-87.0%,"$53,024"
FE,"$36,734",Benchmark,128.7,7.5%,"$16,257","$19,396",-52.82%,"$44,446"
FI,"$1,256,620",Benchmark,92.1,20.43%,"$91,087","$239,699",-50.86%,"$1,377,636"
F,"$368,306",Benchmark,164.6,10.54%,"$237,063","$259,434",-87.02%,"$1,031,090"
FTNT,"$171,406",Benchmark,108.8,32.86%,"$36,006","$75,212",-49.89%,"$253,153"
FTV,"$10,520",Benchmark,100.8,0.85%,"$12,283","$12,283",-43.07%,"$15,142"
FOXA,"$9,098",Benchmark,137.8,-2.33%,"$6,159","$6,758",-51.07%,"$10,594"
FOX,"$15,022",Strategy,140.2,10.71%,"$9,827","$10,683",-42.28%,"$16,917"
BEN,"$56,718",Benchmark,131.0,6.39%,"$57,613","$55,602",-93.16%,"$113,833"
FCX,"$19,119",Benchmark,169.5,3.29%,"$14,078","$17,131",-80.99%,"$46,147"
GRMN,"$1,688,653",Strategy,119.2,37.79%,"$147,704","$332,774",-64.09%,"$2,196,349"
IT,"$54,285",Benchmark,112.0,8.39%,"$16,302","$20,176",-96.88%,"$69,572"
GE,"$586,373",Benchmark,121.4,9.93%,"$64,724","$135,418",-78.86%,"$662,936"
GEHC,"$9,941",Benchmark,132.0,-0.58%,"$11,714","$11,793",-29.62%,"$14,126"
GEHC,"$9,941",Benchmark,83.6,-0.37%,"$11,714","$11,793",-29.62%,"$14,126"
GEV,"$6,245",Benchmark,28.7,-49.16%,"$7,486","$7,830",-44.83%,"$11,168"
GEN,"$122,217",Benchmark,139.6,10.67%,"$48,371","$50,982",-89.89%,"$148,343"
GNRC,"$196,605",Strategy,103.3,33.02%,"$46,526","$107,443",-68.8%,"$468,735"
GD,"$16,027,372",Benchmark,122.4,18.43%,"$356,071","$2,441,413",-69.1%,"$20,194,306"
GIS,"$983,647",Benchmark,89.5,15.89%,"$243,079","$370,439",-41.07%,"$1,362,174"
GM,"$13,787",Benchmark,157.9,3.3%,"$14,115","$14,504",-56.24%,"$22,794"
GPC,"$288,328",Benchmark,106.4,11.41%,"$62,395","$114,182",-52.34%,"$567,381"
GILD,"$612,919",Benchmark,133.2,19.68%,"$124,875","$192,467",-67.18%,"$635,831"
GPN,"$171,494",Strategy,123.4,18.57%,"$36,001","$77,437",-50.55%,"$253,369"
GL,"$182,172",Benchmark,118.4,9.9%,"$31,686","$68,685",-71.43%,"$273,461"
GDDY,"$35,877",Benchmark,104.2,20.34%,"$19,164","$19,677",-46.8%,"$43,099"
GS,"$23,897",Benchmark,143.2,5.0%,"$9,042","$10,257",-79.26%,"$29,642"
HAL,"$505,074",Strategy,153.9,11.34%,"$70,920","$126,468",-83.37%,"$634,046"
HIG,"$294,653",Strategy,113.7,18.23%,"$36,404","$60,576",-73.89%,"$298,044"
HAS,"$2,747,485",Benchmark,126.6,19.78%,"$507,337","$926,447",-69.81%,"$3,799,136"
HCA,"$195,585",Benchmark,90.9,35.89%,"$53,809","$82,693",-33.23%,"$226,977"
DOC,"$321,398",Benchmark,106.6,13.44%,"$131,836","$162,468",-61.48%,"$549,683"
HSIC,"$48,211",Benchmark,111.9,8.07%,"$29,560","$35,952",-67.9%,"$80,228"
HSY,"$1,002,679",Benchmark,102.9,15.96%,"$156,960","$277,220",-48.88%,"$1,386,985"
HES,"$49,542",Benchmark,144.0,5.28%,"$6,584","$11,204",-77.32%,"$53,841"
HPE,"$11,133",Benchmark,111.1,1.66%,"$11,720","$11,798",-50.2%,"$15,364"
HLT,"$33,194",Benchmark,83.3,16.65%,"$18,511","$19,538",-37.56%,"$42,484"
HOLX,"$214,437",Benchmark,151.1,13.49%,"$115,082","$117,947",-88.67%,"$360,428"
HD,"$7,761,019",Benchmark,99.8,24.78%,"$1,270,299","$2,199,233",-75.57%,"$9,653,224"
HON,"$1,133,806",Benchmark,123.0,11.46%,"$92,342","$263,591",-83.35%,"$1,287,735"
HRL,"$558,150",Benchmark,113.4,13.8%,"$123,105","$230,692",-46.22%,"$851,520"
HST,"$245,858",Benchmark,126.4,10.84%,"$153,940","$171,306",-73.94%,"$552,348"
HWM,"$33,036",Benchmark,106.0,22.88%,"$8,862","$11,026",-61.06%,"$36,836"
HPQ,"$4,443,124",Benchmark,140.0,15.0%,"$184,786","$1,152,625",-63.58%,"$7,078,631"
HUBB,"$26,078,022",Strategy,67.3,24.3%,"$1,029,748","$3,174,092",-50.94%,"$33,005,528"
HUM,"$1,380,218",Strategy,132.6,17.93%,"$33,265","$327,484",-72.1%,"$2,121,550"
HBAN,"$37,890",Benchmark,120.9,4.37%,"$36,942","$60,753",-94.2%,"$198,625"
HII,"$55,171",Benchmark,97.3,19.31%,"$55,398","$50,149",-54.04%,"$91,630"
IBM,"$908,280",Benchmark,131.0,10.89%,"$74,801","$157,964",-63.44%,"$987,543"
IEX,"$47,520",Benchmark,105.1,6.5%,"$26,320","$30,368",-69.28%,"$75,305"
IDXX,"$271,780",Benchmark,104.2,15.22%,"$46,165","$84,336",-83.82%,"$363,276"
ITW,"$866,109",Benchmark,115.6,13.21%,"$122,457","$213,451",-64.19%,"$1,063,496"
INCY,"$33,543",Benchmark,169.3,5.75%,"$45,339","$52,350",-97.93%,"$195,143"
IR,"$21,608",Benchmark,98.2,15.22%,"$12,503","$13,889",-37.9%,"$28,043"
PODD,"$99,838",Benchmark,114.4,20.51%,"$33,270","$53,877",-67.82%,"$162,453"
INTC,"$32,633",Benchmark,151.5,3.87%,"$68,284","$70,717",-89.76%,"$312,357"
ICE,"$81,328",Benchmark,68.5,16.99%,"$19,176","$28,067",-78.45%,"$85,597"
IFF,"$65,540",Benchmark,137.5,5.56%,"$47,010","$47,305",-61.07%,"$129,408"
IP,"$208,869",Benchmark,141.9,7.22%,"$53,535","$68,194",-80.52%,"$253,078"
IPG,"$133,136",Benchmark,121.6,8.68%,"$70,209","$87,058",-95.37%,"$352,493"
INTU,"$149,720",Benchmark,110.0,13.02%,"$29,014","$52,425",-87.61%,"$250,595"
ISRG,"$1,824,030",Benchmark,110.8,35.62%,"$298,872","$460,907",-61.94%,"$2,208,033"
IVZ,"$23,021",Benchmark,147.3,4.17%,"$30,788","$31,439",-81.03%,"$71,621"
INVH,"$12,295",Benchmark,116.5,3.74%,"$12,477","$12,106",-45.91%,"$16,319"
IQV,"$22,291",Benchmark,93.0,10.26%,"$26,200","$25,898",-59.74%,"$54,382"
IRM,"$60,819",Benchmark,116.2,9.39%,"$14,698","$19,256",-50.37%,"$95,030"
JBHT,"$149,135",Benchmark,126.0,9.93%,"$52,816","$77,672",-62.19%,"$242,178"
JBL,"$559,784",Benchmark,157.2,20.06%,"$106,233","$155,610",-96.13%,"$819,317"
JKHY,"$408,600",Benchmark,114.8,14.63%,"$63,150","$117,891",-86.49%,"$467,807"
J,"$72,182",Benchmark,138.9,6.56%,"$20,178","$25,809",-84.16%,"$94,617"
JNJ,"$9,313,671",Benchmark,103.2,16.97%,"$557,124","$2,460,931",-58.76%,"$11,652,102"
JCI,"$64,925",Benchmark,120.5,7.49%,"$28,267","$31,953",-91.37%,"$107,301"
JPM,"$424,147",Benchmark,122.6,12.8%,"$67,062","$87,053",-68.37%,"$512,315"
JNPR,"$19,371",Strategy,164.3,3.79%,"$14,134","$13,748",-88.07%,"$27,260"
K,"$187,227",Benchmark,126.4,8.48%,"$114,922","$98,392",-64.38%,"$242,676"
KVUE,"$14,490",Strategy,104.0,32.51%,"$12,898","$12,388",-18.37%,"$14,737"
KDP,"$89,949",Benchmark,78.4,20.74%,"$49,495","$58,015",-30.87%,"$121,797"
KEY,"$73,332",Benchmark,120.8,8.02%,"$60,603","$60,320",-77.04%,"$136,166"
KEYS,"$33,149",Benchmark,98.3,18.1%,"$21,760","$23,702",-38.89%,"$48,747"
KMB,"$597,180",Benchmark,101.8,14.05%,"$148,419","$208,344",-48.05%,"$605,316"
KIM,"$380,181",Strategy,88.2,17.13%,"$180,430","$188,939",-51.31%,"$609,685"
KMI,"$23,520",Strategy,123.9,9.17%,"$13,364","$13,758",-51.72%,"$26,058"
KKR,"$82,186",Benchmark,91.4,23.07%,"$18,574","$31,495",-45.21%,"$141,043"
KLAC,"$588,297",Benchmark,139.5,14.18%,"$45,063","$94,596",-92.37%,"$903,175"
KHC,"$7,234",Strategy,165.8,-4.7%,"$8,481","$8,746",-64.59%,"$12,502"
KR,"$3,770,192",Benchmark,123.0,14.57%,"$305,829","$661,188",-59.22%,"$3,770,193"
LHX,"$164,800",Benchmark,125.9,9.83%,"$28,744","$45,524",-67.2%,"$185,581"
LH,"$421,752",Strategy,132.6,16.75%,"$107,721","$127,464",-78.05%,"$474,243"
LRCX,"$283,927",Benchmark,133.3,12.58%,"$20,076","$66,616",-83.74%,"$650,050"
LW,"$12,853",Benchmark,139.9,4.44%,"$17,688","$18,541",-57.12%,"$28,753"
LVS,"$74,479",Strategy,144.3,15.43%,"$54,010","$53,868",-83.03%,"$125,256"
LDOS,"$40,521",Benchmark,140.8,11.62%,"$10,228","$16,163",-51.33%,"$62,128"
LEN,"$599,239",Benchmark,139.8,14.06%,"$73,746","$134,767",-78.36%,"$924,046"
LII,"$310,095",Benchmark,92.3,21.41%,"$24,080","$66,420",-56.44%,"$382,167"
LLY,"$2,176,986",Benchmark,119.5,15.89%,"$164,592","$248,303",-76.68%,"$2,445,265"
LIN,"$168,712",Benchmark,85.8,13.3%,"$32,955","$45,508",-69.05%,"$184,448"
LYV,"$23,674",Benchmark,121.8,6.7%,"$11,676","$13,426",-80.04%,"$35,585"
LKQ,"$31,173",Benchmark,118.4,7.97%,"$38,627","$38,707",-71.75%,"$77,669"
LMT,"$555,370",Benchmark,106.2,12.81%,"$79,939","$142,852",-70.84%,"$803,012"
L,"$374,376",Benchmark,125.6,12.35%,"$171,713","$201,194",-72.07%,"$506,834"
LOW,"$1,203,401",Benchmark,125.2,16.65%,"$194,950","$276,988",-58.91%,"$1,555,103"
LULU,"$102,004",Benchmark,121.5,20.98%,"$53,297","$90,531",-68.24%,"$310,764"
LYB,"$38,842",Benchmark,125.9,14.09%,"$28,795","$28,462",-54.51%,"$49,685"
MTB,"$2,030,002",Benchmark,99.3,18.62%,"$796,740","$1,003,035",-65.51%,"$3,703,303"
MPC,"$108,595",Strategy,100.9,28.56%,"$29,309","$42,612",-50.45%,"$144,437"
MKTX,"$63,380",Benchmark,121.7,14.03%,"$16,793","$35,780",-84.56%,"$129,233"
MAR,"$315,751",Strategy,113.4,20.35%,"$36,762","$84,689",-59.95%,"$415,578"
MMC,"$459,876",Benchmark,108.5,11.22%,"$47,130","$75,968",-73.82%,"$459,877"
MLM,"$62,158",Benchmark,135.9,8.89%,"$20,369","$25,536",-72.88%,"$87,877"
MAS,"$105,976",Benchmark,128.3,7.88%,"$33,044","$43,010",-74.71%,"$141,958"
MA,"$432,664",Benchmark,65.3,33.62%,"$107,214","$158,778",-46.26%,"$469,959"
MTCH,"$77,538",Benchmark,147.5,9.66%,"$13,892","$43,329",-75.59%,"$214,154"
MKC,"$204,479",Benchmark,119.0,8.74%,"$31,344","$58,046",-58.64%,"$246,960"
MCD,"$1,261,437",Benchmark,110.7,12.68%,"$97,390","$246,313",-76.41%,"$1,296,336"
MCK,"$197,937",Benchmark,118.9,15.31%,"$31,661","$48,166",-76.83%,"$198,601"
MDT,"$4,119,068",Benchmark,116.8,18.28%,"$1,462,309","$1,594,341",-66.95%,"$6,292,546"
MRK,"$10,376,621",Benchmark,112.0,17.26%,"$710,462","$1,917,761",-65.12%,"$12,816,873"
META,"$76,571",Benchmark,66.7,25.79%,"$35,160","$37,894",-68.76%,"$106,005"
MET,"$16,631",Benchmark,107.0,3.0%,"$8,839","$9,898",-69.65%,"$19,211"
MTD,"$172,385",Benchmark,103.1,16.28%,"$42,736","$85,977",-60.05%,"$354,890"
MGM,"$374,738",Strategy,154.0,15.28%,"$67,799","$186,251",-68.36%,"$797,825"
MCHP,"$67,702",Benchmark,122.0,9.04%,"$15,180","$23,829",-87.57%,"$94,249"
MU,"$635,173",Strategy,169.5,15.86%,"$53,094","$140,772",-96.65%,"$1,135,058"
MSFT,"$8,000,143",Benchmark,94.0,28.13%,"$998,067","$1,666,459",-77.64%,"$10,169,243"
MAA,"$199,239",Benchmark,103.3,14.93%,"$52,691","$71,018",-51.32%,"$213,639"
MRNA,"$66,592",Strategy,174.6,54.58%,"$89,080","$84,000",-76.76%,"$224,854"
MHK,"$1,847,302",Strategy,146.2,25.76%,"$79,201","$318,199",-51.18%,"$2,854,267"
MOH,"$19,921",Benchmark,131.7,4.7%,"$9,786","$11,241",-82.46%,"$30,507"
TAP,"$14,447",Benchmark,167.3,1.08%,"$6,323","$7,436",-87.25%,"$18,118"
MDLZ,"$19,384",Benchmark,110.5,4.12%,"$16,427","$15,156",-39.15%,"$26,264"
MPWR,"$110,383",Benchmark,100.0,18.65%,"$27,735","$53,263",-76.16%,"$242,276"
MNST,"$17,457",Benchmark,146.3,2.07%,"$4,617","$6,355",-99.93%,"$23,277"
MCO,"$83,622",Benchmark,95.7,10.65%,"$17,912","$28,766",-92.41%,"$98,071"
MS,"$468,282",Strategy,138.9,18.96%,"$59,884","$115,000",-69.49%,"$573,104"
MOS,"$30,120",Strategy,185.6,4.39%,"$14,075","$15,690",-85.31%,"$78,727"
MSI,"$1,104,160",Benchmark,132.3,11.39%,"$127,289","$180,262",-93.89%,"$1,312,149"
MSCI,"$111,819",Benchmark,81.0,22.33%,"$35,161","$65,751",-51.29%,"$222,362"
NDAQ,"$597,401",Strategy,113.9,29.77%,"$102,269","$198,094",-53.2%,"$703,154"
NTAP,"$1,789,235",Strategy,149.9,29.2%,"$873,976","$827,851",-83.32%,"$2,641,706"
NFLX,"$8,018,413",Benchmark,106.9,52.83%,"$1,225,523","$2,395,451",-82.14%,"$9,559,542"
NEM,"$73,787",Strategy,170.3,6.63%,"$21,383","$23,634",-76.31%,"$77,594"
NWSA,"$14,346",Benchmark,149.7,4.54%,"$9,695","$10,266",-47.36%,"$16,715"
NWS,"$13,131",Benchmark,154.4,3.41%,"$8,594","$9,025",-49.13%,"$15,565"
NEE,"$1,480,551",Benchmark,98.0,14.89%,"$79,454","$272,822",-42.18%,"$1,963,569"
NKE,"$1,302,741",Benchmark,120.7,17.24%,"$286,547","$618,364",-70.02%,"$3,833,491"
NI,"$295,678",Benchmark,129.5,9.86%,"$50,422","$78,622",-72.92%,"$306,687"
NDSN,"$137,334",Benchmark,129.6,8.79%,"$63,331","$83,663",-76.18%,"$249,669"
NSC,"$287,717",Benchmark,111.9,12.03%,"$70,093","$111,224",-63.09%,"$499,544"
NTRS,"$828,978",Benchmark,107.8,15.26%,"$402,255","$383,956",-74.61%,"$1,033,428"
NOC,"$468,728",Benchmark,105.8,13.75%,"$75,936","$171,276",-63.53%,"$735,949"
NCLH,"$11,770",Strategy,157.6,1.96%,"$15,629","$15,533",-50.61%,"$21,370"
NRG,"$112,535",Strategy,128.0,17.89%,"$31,298","$36,238",-65.82%,"$130,268"
NUE,"$177,257",Benchmark,134.0,9.68%,"$61,407","$70,583",-79.78%,"$272,897"
NVDA,"$22,049,559",Strategy,108.0,53.16%,"$291,755","$3,122,403",-80.68%,"$36,288,878"
NVR,$9,Benchmark,307.2,-22.3%,$10,$722,-99.95%,"$14,141"
NXPI,"$39,208",Benchmark,99.8,14.48%,"$18,625","$21,859",-57.34%,"$61,107"
ORLY,"$2,455,638",Benchmark,81.5,28.37%,"$83,993","$352,369",-52.28%,"$2,455,639"
OXY,"$153,260",Benchmark,131.6,9.57%,"$50,466","$70,260",-77.25%,"$241,747"
ODFL,"$18,453",Benchmark,114.8,2.69%,"$2,869","$5,638",-98.47%,"$27,143"
OMC,"$143,537",Benchmark,111.7,8.94%,"$109,241","$94,479",-62.29%,"$216,127"
ON,"$128,559",Strategy,156.7,16.03%,"$44,526","$61,385",-80.4%,"$252,297"
OKE,"$2,943,280",Strategy,111.2,20.32%,"$57,672","$406,135",-59.68%,"$3,752,950"
ORCL,"$2,112,031",Benchmark,107.9,21.96%,"$513,346","$619,986",-83.37%,"$3,190,427"
OTIS,"$15,766",Benchmark,84.9,14.0%,"$12,827","$12,947",-26.5%,"$16,260"
PCAR,"$825,598",Benchmark,122.2,15.24%,"$65,841","$216,140",-59.11%,"$1,326,374"
PKG,"$74,179",Benchmark,95.4,12.24%,"$19,831","$29,712",-74.85%,"$97,163"
PLTR,"$73,057",Strategy,122.7,89.77%,"$11,894","$19,105",-57.01%,"$101,816"
PANW,"$67,830",Benchmark,105.2,24.45%,"$20,007","$29,269",-56.1%,"$87,641"
PARA,"$15,038",Strategy,174.4,3.11%,"$26,807","$26,049",-84.67%,"$94,327"
PH,"$225,005",Benchmark,115.1,10.53%,"$29,541","$45,682",-62.49%,"$285,517"
PAYX,"$510,430",Benchmark,104.1,14.67%,"$157,106","$176,716",-73.73%,"$515,117"
PAYC,"$69,989",Benchmark,109.9,29.35%,"$68,774","$75,893",-70.33%,"$194,824"
PYPL,"$16,678",Strategy,105.9,7.91%,"$19,602","$21,976",-75.89%,"$51,024"
PNR,"$353,478",Benchmark,135.0,10.45%,"$84,321","$106,631",-68.53%,"$472,293"
PEP,"$1,301,998",Benchmark,94.1,14.27%,"$316,461","$507,061",-43.64%,"$1,838,017"
PFE,"$403,088",Benchmark,132.8,10.66%,"$211,718","$239,823",-80.07%,"$733,186"
PCG,"$625,996",Strategy,108.1,12.0%,"$200,000","$295,170",-67.51%,"$1,032,735"
PM,"$38,306",Benchmark,110.3,12.1%,"$23,202","$22,234",-51.04%,"$38,307"
PSX,"$38,302",Strategy,120.3,16.2%,"$14,373","$18,284",-45.35%,"$48,811"
PNW,"$111,527",Benchmark,128.6,6.93%,"$39,219","$42,505",-62.88%,"$142,605"
PNC,"$526,308",Benchmark,119.3,12.32%,"$209,793","$230,645",-59.57%,"$798,110"
POOL,"$466,869",Benchmark,85.9,20.82%,"$89,776","$206,745",-62.28%,"$969,463"
PPG,"$94,845",Benchmark,118.4,7.5%,"$63,250","$66,997",-75.59%,"$144,127"
PPL,"$227,960",Benchmark,103.2,10.57%,"$114,749","$107,721",-63.83%,"$323,382"
PFG,"$120,329",Strategy,99.8,16.64%,"$36,533","$49,558",-64.84%,"$151,929"
PG,"$1,853,753",Benchmark,102.2,12.72%,"$161,756","$348,229",-54.47%,"$1,853,753"
PGR,"$14,039,302",Benchmark,93.2,26.23%,"$823,455","$1,638,589",-65.24%,"$14,240,667"
PLD,"$189,376",Strategy,91.3,16.88%,"$73,769","$86,397",-42.9%,"$288,282"
PRU,"$73,610",Strategy,119.4,13.23%,"$32,045","$33,446",-58.7%,"$81,893"
PEG,"$305,576",Benchmark,92.6,11.56%,"$115,149","$113,222",-59.78%,"$348,919"
PTC,"$694,477",Strategy,132.8,19.01%,"$204,671","$253,795",-81.16%,"$922,945"
PSA,"$379,717",Benchmark,112.3,12.6%,"$66,754","$120,284",-76.51%,"$512,144"
PHM,"$8,496,411",Strategy,153.1,24.21%,"$591,106","$1,507,350",-69.47%,"$12,714,018"
PWR,"$342,302",Strategy,127.0,20.79%,"$44,567","$75,805",-82.87%,"$490,139"
QCOM,"$305,439",Benchmark,158.4,16.05%,"$280,480","$246,805",-89.65%,"$961,629"
DGX,"$180,944",Benchmark,120.3,16.0%,"$72,115","$82,690",-62.21%,"$219,487"
RL,"$72,713",Benchmark,146.7,10.9%,"$33,266","$31,209",-64.59%,"$100,686"
RJF,"$534,884",Benchmark,114.6,14.8%,"$130,004","$160,352",-60.75%,"$706,222"
RTX,"$3,328,368",Benchmark,115.2,14.3%,"$327,664","$788,261",-55.35%,"$3,467,144"
O,"$124,513",Benchmark,100.5,12.76%,"$51,573","$67,435",-63.61%,"$206,435"
REG,"$539,411",Strategy,109.6,20.2%,"$218,152","$219,953",-46.23%,"$643,031"
REGN,"$196,142",Benchmark,153.3,13.52%,"$18,570","$82,107",-89.46%,"$323,204"
RF,"$438,480",Strategy,120.3,12.92%,"$89,564","$125,790",-71.87%,"$602,180"
RSG,"$217,664",Benchmark,69.0,18.18%,"$24,011","$41,943",-64.75%,"$217,664"
RMD,"$780,687",Benchmark,105.4,23.59%,"$146,062","$224,325",-68.3%,"$940,669"
RVTY,"$301,845",Benchmark,128.9,9.93%,"$82,029","$114,878",-90.13%,"$452,128"
ROK,"$667,276",Benchmark,120.7,15.1%,"$252,238","$355,475",-76.36%,"$1,236,010"
ROL,"$258,888",Benchmark,105.7,11.02%,"$38,412","$69,367",-63.53%,"$294,831"
ROP,"$969,829",Benchmark,87.1,22.15%,"$191,664","$333,679",-59.23%,"$1,085,832"
ROST,"$1,053,614",Benchmark,121.3,18.55%,"$117,662","$337,041",-72.1%,"$1,768,350"
RCL,"$103,192",Benchmark,137.6,11.18%,"$19,931","$29,383",-80.47%,"$145,423"
SPGI,"$5,079,070",Benchmark,93.2,18.89%,"$238,366","$832,864",-55.54%,"$5,633,373"
CRM,"$305,019",Benchmark,94.6,26.94%,"$96,842","$133,079",-54.37%,"$446,617"
SBAC,"$3,855,143",Strategy,114.4,39.77%,"$1,531,020","$2,210,444",-60.01%,"$7,935,591"
SLB,"$68,779",Benchmark,150.1,6.67%,"$43,367","$43,333",-79.67%,"$121,750"
STX,"$22,824",Benchmark,136.9,5.51%,"$7,398","$9,232",-87.99%,"$34,739"
SRE,"$80,062",Benchmark,109.1,11.94%,"$34,833","$43,764",-55.02%,"$111,906"
NOW,"$121,725",Benchmark,75.6,32.88%,"$41,728","$55,015",-42.37%,"$187,760"
SHW,"$4,595,804",Benchmark,88.1,21.78%,"$207,182","$813,306",-58.04%,"$5,203,366"
SPG,"$391,995",Strategy,99.4,18.52%,"$92,601","$115,934",-66.96%,"$469,442"
SWKS,"$27,381",Benchmark,170.9,3.66%,"$9,348","$17,830",-95.54%,"$80,517"
SJM,"$71,566",Benchmark,137.3,9.83%,"$23,984","$30,681",-54.79%,"$71,609"
SNA,"$106,598",Benchmark,122.3,6.79%,"$19,652","$30,365",-64.18%,"$120,097"
SOLV,"$9,657",Strategy,1.4,-4.88%,"$10,284","$10,377",-16.42%,"$11,555"
SO,"$673,156",Benchmark,84.0,15.13%,"$129,202","$164,766",-35.61%,"$689,873"
LUV,"$94,853",Benchmark,157.7,7.46%,"$109,167","$122,488",-88.38%,"$498,840"
SWK,"$48,179",Benchmark,128.4,5.18%,"$23,501","$28,559",-72.64%,"$117,453"
SBUX,"$364,587",Benchmark,125.7,17.24%,"$69,373","$165,308",-54.88%,"$542,024"
STT,"$7,760,875",Strategy,114.6,23.85%,"$1,266,519","$2,356,134",-58.82%,"$10,552,688"
STLD,"$74,103",Benchmark,134.6,10.79%,"$14,835","$20,771",-82.83%,"$107,305"
STE,"$237,437",Benchmark,107.1,15.0%,"$25,703","$57,672",-74.25%,"$250,480"
SYK,"$5,442,275",Benchmark,95.5,22.44%,"$577,377","$1,148,023",-61.27%,"$5,897,981"
SMCI,"$146,762",Benchmark,139.3,24.14%,"$7,457","$14,933",-87.85%,"$221,758"
SYF,"$23,896",Strategy,145.7,12.57%,"$13,310","$15,274",-40.87%,"$36,113"
SNPS,"$44,250",Benchmark,110.1,6.73%,"$7,604","$13,508",-88.35%,"$64,068"
SYY,"$2,497,732",Benchmark,103.5,16.64%,"$439,458","$687,121",-66.93%,"$2,765,642"
TMUS,"$130,309",Strategy,108.1,23.04%,"$37,061","$40,932",-58.39%,"$132,710"
TROW,"$190,760",Benchmark,106.3,11.57%,"$146,200","$146,229",-72.18%,"$501,438"
TTWO,"$119,657",Benchmark,139.4,13.74%,"$37,324","$48,106",-82.4%,"$158,016"
TPR,"$128,625",Benchmark,143.2,16.34%,"$70,644","$65,349",-72.23%,"$166,766"
TRGP,"$327,347",Strategy,99.5,42.39%,"$36,339","$68,256",-63.95%,"$392,011"
TGT,"$2,980,719",Benchmark,125.4,17.14%,"$585,945","$1,066,333",-57.89%,"$5,659,648"
TEL,"$23,906",Benchmark,106.2,7.36%,"$15,497","$16,514",-63.29%,"$31,632"
TDY,"$100,113",Benchmark,92.9,14.09%,"$16,979","$36,079",-64.76%,"$127,974"
TER,"$394,802",Benchmark,159.8,10.75%,"$101,034","$133,666",-86.29%,"$872,622"
TSLA,"$302,040",Benchmark,142.4,39.77%,"$44,773","$144,976",-74.26%,"$808,877"
TXN,"$125,729",Benchmark,146.1,7.18%,"$18,604","$34,204",-74.13%,"$170,143"
TPL,"$2,494,118",Benchmark,146.2,19.41%,"$21,272","$303,357",-62.21%,"$3,422,022"
TXT,"$261,214",Benchmark,131.6,9.49%,"$41,738","$68,460",-71.07%,"$310,590"
TMO,"$412,678",Benchmark,104.3,12.7%,"$63,633","$121,522",-82.49%,"$664,530"
TJX,"$1,023,551",Benchmark,103.4,19.43%,"$80,850","$184,150",-62.46%,"$1,034,866"
TKO,"$132,322",Benchmark,148.4,15.86%,"$9,318","$28,328",-64.01%,"$154,933"
TSCO,"$707,642",Benchmark,129.5,21.95%,"$28,783","$128,566",-83.24%,"$752,706"
TT,"$1,170,385",Benchmark,109.0,16.54%,"$69,996","$163,978",-73.06%,"$1,565,667"
TDG,"$382,265",Benchmark,57.9,31.96%,"$86,298","$107,740",-50.05%,"$395,764"
TRV,"$120,831",Benchmark,117.5,7.58%,"$20,792","$29,566",-63.89%,"$121,764"
TRMB,"$58,208",Benchmark,148.2,7.63%,"$23,433","$25,915",-81.51%,"$74,816"
TFC,"$90,136",Benchmark,122.1,7.32%,"$53,664","$49,590",-71.79%,"$119,260"
TYL,"$389,390",Benchmark,140.4,12.49%,"$25,963","$69,163",-88.35%,"$442,023"
TSN,"$34,821",Benchmark,152.5,4.09%,"$12,082","$16,013",-76.6%,"$52,581"
USB,"$613,976",Benchmark,112.7,12.16%,"$210,927","$240,552",-56.81%,"$764,302"
UBER,"$21,197",Strategy,121.3,20.3%,"$15,868","$15,859",-62.28%,"$26,222"
UDR,"$612,206",Benchmark,90.0,14.14%,"$99,166","$194,666",-69.35%,"$647,158"
ULTA,"$114,214",Benchmark,103.2,22.46%,"$69,935","$75,012",-53.32%,"$176,463"
UNP,"$678,045",Benchmark,102.9,14.44%,"$32,627","$166,546",-62.2%,"$866,052"
UAL,"$11,216",Benchmark,146.4,0.87%,"$9,903","$9,772",-91.0%,"$20,566"
UPS,"$28,692",Benchmark,142.2,6.21%,"$12,260","$14,676",-59.58%,"$33,268"
URI,"$512,769",Strategy,141.5,23.29%,"$39,145","$100,915",-68.94%,"$680,895"
UNH,"$7,753,290",Benchmark,101.3,26.9%,"$576,859","$1,527,234",-78.5%,"$8,425,133"
UHS,"$316,482",Benchmark,131.8,12.12%,"$64,535","$103,079",-84.6%,"$441,588"
VLO,"$81,556",Benchmark,139.3,7.28%,"$12,418","$20,759",-84.45%,"$101,373"
VTR,"$120,636",Benchmark,114.9,13.81%,"$77,874","$61,576",-71.64%,"$130,404"
VLTO,"$10,016",Strategy,39.8,0.16%,"$10,361","$10,419",-15.45%,"$11,308"
VRSN,"$1,596,727",Strategy,117.9,31.11%,"$252,096","$455,241",-90.24%,"$1,597,165"
VRSK,"$85,676",Benchmark,74.5,22.29%,"$27,217","$38,249",-30.29%,"$85,677"
VZ,"$45,964",Benchmark,121.5,5.49%,"$21,926","$25,289",-77.77%,"$49,937"
VRTX,"$198,665",Benchmark,151.8,13.72%,"$22,609","$44,741",-84.24%,"$241,403"
VTRS,"$46,179",Benchmark,173.0,5.04%,"$32,051","$45,147",-86.66%,"$188,859"
VICI,"$31,223",Strategy,95.9,25.59%,"$25,709","$22,934",-31.91%,"$33,423"
V,"$311,983",Strategy,65.1,34.01%,"$66,285","$99,764",-34.76%,"$333,414"
VST,"$120,068",Strategy,90.6,52.92%,"$19,082","$31,438",-40.17%,"$185,056"
VMC,"$867,760",Benchmark,106.2,13.2%,"$216,793","$238,516",-76.39%,"$1,088,870"
WRB,"$9,902,753",Benchmark,116.7,21.42%,"$260,902","$1,016,801",-60.02%,"$10,040,819"
GWW,"$404,926",Benchmark,113.0,10.83%,"$42,249","$77,769",-59.82%,"$487,886"
WAB,"$286,931",Benchmark,111.2,17.75%,"$45,390","$77,928",-53.46%,"$346,451"
WBA,"$369,446",Benchmark,140.1,12.3%,"$585,693","$557,273",-77.5%,"$1,543,952"
WMT,"$73,425,430",Benchmark,104.4,27.76%,"$10,687,011","$12,632,662",-52.08%,"$87,050,281"
DIS,"$5,933,073",Benchmark,130.8,15.77%,"$520,116","$1,447,521",-72.29%,"$8,737,467"
WBD,"$14,102",Strategy,174.6,2.56%,"$26,042","$25,421",-80.22%,"$67,154"
WM,"$73,428",Benchmark,105.9,8.17%,"$24,579","$30,015",-88.93%,"$89,244"
WAT,"$57,487",Benchmark,129.2,9.02%,"$51,225","$48,946",-65.93%,"$99,496"
WEC,"$784,708",Benchmark,87.3,15.05%,"$80,615","$225,633",-44.09%,"$940,085"
WFC,"$778,101",Benchmark,114.3,12.67%,"$270,541","$270,466",-67.5%,"$967,160"
WELL,"$1,127,682",Benchmark,105.5,16.41%,"$95,028","$171,008",-58.65%,"$1,160,455"
WST,"$1,389,372",Benchmark,112.1,17.19%,"$85,639","$519,299",-67.5%,"$4,013,725"
WDC,"$32,939",Benchmark,168.0,3.79%,"$29,132","$48,528",-98.39%,"$485,267"
WY,"$54,365",Benchmark,145.8,4.83%,"$23,312","$30,585",-55.3%,"$111,335"
WSM,"$2,746,100",Benchmark,131.9,21.51%,"$246,712","$464,745",-80.05%,"$4,498,158"
WMB,"$914,553",Benchmark,101.7,16.32%,"$137,809","$231,488",-77.31%,"$954,370"
WTW,"$23,023",Benchmark,122.4,5.21%,"$15,269","$15,171",-45.7%,"$29,538"
WDAY,"$23,055",Benchmark,120.0,10.21%,"$18,430","$18,819",-58.0%,"$35,802"
WYNN,"$202,493",Strategy,141.7,21.47%,"$207,361","$191,501",-64.9%,"$441,820"
XEL,"$680,474",Benchmark,112.0,12.44%,"$74,491","$227,654",-48.15%,"$993,953"
XYL,"$25,256",Benchmark,111.6,10.5%,"$22,564","$21,413",-43.46%,"$39,354"
YUM,"$350,087",Benchmark,91.6,20.6%,"$150,278","$151,954",-43.64%,"$378,872"
ZBRA,"$117,529",Benchmark,125.8,11.2%,"$19,566","$38,540",-78.15%,"$185,673"
SPY,$371,Benchmark,307.9,-13.77%,$372,$380,-95.79%,"$8,835"
SPY,$371,Benchmark,307.9,-13.77%,$372,$380,-95.79%,"$8,835"
SPY,$371,Benchmark,307.9,-13.77%,$372,$380,-95.79%,"$8,835"
SPY,$371,Benchmark,307.9,-13.77%,$372,$380,-95.79%,"$8,835"
SPY,$371,Benchmark,307.9,-13.77%,$372,$380,-95.79%,"$8,835"
NVDA,"$19,766",Benchmark,109.1,3.84%,"$12,878","$13,713",-11.13%,"$20,244"
SPY,$859,Benchmark,2.6,-10.46%,$859,$878,-90.99%,"$9,534"
SPY,$859,Benchmark,2.6,-10.46%,$859,$878,-90.99%,"$9,534"
SPY,$859,Benchmark,1.8,-7.31%,$859,$878,-90.99%,"$9,534"
SPY,$859,Benchmark,1.8,-7.31%,$859,$878,-90.99%,"$9,534"
SPY,$859,Benchmark,1.8,-7.31%,$859,$878,-90.99%,"$9,534"
SPY,$859,Benchmark,1.8,-7.31%,$859,$878,-90.99%,"$9,534"
SPY,$859,Benchmark,1.8,-7.31%,$859,$879,-90.99%,"$9,534"
SPY,$886,Benchmark,3.2,-13.61%,$887,"$1,129",-99.07%,"$95,014"
NVDA,"$17,618,285",Benchmark,108.9,51.47%,"$292,371","$3,145,312",-80.68%,"$36,289,263"
SPY,$859,Benchmark,1.8,-7.31%,$859,$879,-90.99%,"$9,534"
HOOD,"$10,487",Benchmark,96.5,1.29%,"$10,000","$10,239",-4.76%,"$10,500"
HOOD,"$10,487",Benchmark,96.5,1.29%,"$10,000","$10,239",-4.76%,"$10,500"
HOOD,"$10,487",Benchmark,96.5,1.29%,"$10,000","$10,239",-4.76%,"$10,500"
HOOD,"$10,487",Benchmark,96.5,1.29%,"$10,000","$10,239",-4.76%,"$10,500"
HOOD,"$10,487",Benchmark,96.5,1.29%,"$10,000","$10,239",-4.76%,"$10,500"
HOOD,"$10,487",Benchmark,96.5,1.29%,"$10,000","$10,239",-4.76%,"$10,500"
HOOD,"$10,487",Benchmark,96.5,1.29%,"$10,000","$10,239",-4.76%,"$10,500"
HOOD,"$28,542",Benchmark,57.5,32.56%,"$10,072","$13,993",-47.27%,"$45,604"
HOOD,"$28,542",Benchmark,57.5,32.56%,"$10,072","$13,993",-47.27%,"$45,604"
HOOD,"$26,701",Benchmark,87.3,30.2%,"$10,119","$13,737",-46.61%,"$42,553"
GME,"$124,618",Strategy,84.7,11.47%,"$29,161","$48,472",-88.13%,"$411,912"
GME,"$129,623",Strategy,81.1,11.66%,"$30,587","$50,527",-89.15%,"$465,114"
AMC,"$5,673",Strategy,33.8,-4.87%,"$9,899","$11,286",-89.86%,"$55,789"
SPY,"$77,195",Benchmark,55.5,6.53%,"$25,584","$33,012",-39.52%,"$89,541"
SPY,"$77,195",Benchmark,55.5,6.53%,"$25,584","$33,012",-39.52%,"$89,541"
MAR,"$55,619",Benchmark,75.3,6.53%,"$14,648","$21,989",-52.69%,"$75,117"
NVDA,"$3,171,990",Benchmark,98.6,24.49%,"$26,833","$302,672",-86.04%,"$4,642,728"
